-- Generated by Craft v2.6.2988 on Oct 26, 2017, 12:06:49 PM.

--
-- Disable foreign key checks and autocommit.
--

SET FOREIGN_KEY_CHECKS = 0;
SET SQL_MODE = "NO_AUTO_VALUE_ON_ZERO";
SET AUTOCOMMIT = 0;
SET NAMES utf8;


DROP TABLE IF EXISTS `craft_assetfiles`;


--
-- Schema for table `craft_assetfiles`
--
CREATE TABLE `craft_assetfiles` (
  `id` int(11) NOT NULL,
  `sourceId` int(11) DEFAULT NULL,
  `folderId` int(11) NOT NULL,
  `filename` varchar(255) COLLATE utf8_unicode_ci NOT NULL,
  `kind` varchar(50) COLLATE utf8_unicode_ci NOT NULL DEFAULT 'unknown',
  `width` int(11) unsigned DEFAULT NULL,
  `height` int(11) unsigned DEFAULT NULL,
  `size` bigint(20) unsigned DEFAULT NULL,
  `dateModified` datetime DEFAULT NULL,
  `dateCreated` datetime NOT NULL,
  `dateUpdated` datetime NOT NULL,
  `uid` char(36) COLLATE utf8_unicode_ci NOT NULL DEFAULT '0',
  PRIMARY KEY (`id`),
  UNIQUE KEY `craft_assetfiles_filename_folderId_unq_idx` (`filename`,`folderId`),
  KEY `craft_assetfiles_sourceId_fk` (`sourceId`),
  KEY `craft_assetfiles_folderId_fk` (`folderId`)
) ENGINE=InnoDB DEFAULT CHARSET=utf8 COLLATE=utf8_unicode_ci;

DROP TABLE IF EXISTS `craft_assetfolders`;


--
-- Schema for table `craft_assetfolders`
--
CREATE TABLE `craft_assetfolders` (
  `id` int(11) NOT NULL AUTO_INCREMENT,
  `parentId` int(11) DEFAULT NULL,
  `sourceId` int(11) DEFAULT NULL,
  `name` varchar(255) COLLATE utf8_unicode_ci NOT NULL,
  `path` varchar(255) COLLATE utf8_unicode_ci DEFAULT NULL,
  `dateCreated` datetime NOT NULL,
  `dateUpdated` datetime NOT NULL,
  `uid` char(36) COLLATE utf8_unicode_ci NOT NULL DEFAULT '0',
  PRIMARY KEY (`id`),
  UNIQUE KEY `craft_assetfolders_name_parentId_sourceId_unq_idx` (`name`,`parentId`,`sourceId`),
  KEY `craft_assetfolders_parentId_fk` (`parentId`),
  KEY `craft_assetfolders_sourceId_fk` (`sourceId`)
) ENGINE=InnoDB DEFAULT CHARSET=utf8 COLLATE=utf8_unicode_ci;

DROP TABLE IF EXISTS `craft_assetindexdata`;


--
-- Schema for table `craft_assetindexdata`
--
CREATE TABLE `craft_assetindexdata` (
  `id` int(11) NOT NULL AUTO_INCREMENT,
  `sessionId` varchar(36) COLLATE utf8_unicode_ci NOT NULL DEFAULT '',
  `sourceId` int(11) NOT NULL,
  `offset` int(11) NOT NULL,
  `uri` varchar(255) COLLATE utf8_unicode_ci DEFAULT NULL,
  `size` varchar(255) COLLATE utf8_unicode_ci DEFAULT NULL,
  `recordId` int(11) DEFAULT NULL,
  `dateCreated` datetime NOT NULL,
  `dateUpdated` datetime NOT NULL,
  `uid` char(36) COLLATE utf8_unicode_ci NOT NULL DEFAULT '0',
  PRIMARY KEY (`id`),
  UNIQUE KEY `craft_assetindexdata_sessionId_sourceId_offset_unq_idx` (`sessionId`,`sourceId`,`offset`),
  KEY `craft_assetindexdata_sourceId_fk` (`sourceId`)
) ENGINE=InnoDB DEFAULT CHARSET=utf8 COLLATE=utf8_unicode_ci;

DROP TABLE IF EXISTS `craft_assetsources`;


--
-- Schema for table `craft_assetsources`
--
CREATE TABLE `craft_assetsources` (
  `id` int(11) NOT NULL AUTO_INCREMENT,
  `name` varchar(255) COLLATE utf8_unicode_ci NOT NULL,
  `handle` varchar(255) COLLATE utf8_unicode_ci NOT NULL,
  `type` varchar(150) COLLATE utf8_unicode_ci NOT NULL,
  `settings` text COLLATE utf8_unicode_ci,
  `sortOrder` smallint(6) unsigned DEFAULT NULL,
  `fieldLayoutId` int(11) DEFAULT NULL,
  `dateCreated` datetime NOT NULL,
  `dateUpdated` datetime NOT NULL,
  `uid` char(36) COLLATE utf8_unicode_ci NOT NULL DEFAULT '0',
  PRIMARY KEY (`id`),
  UNIQUE KEY `craft_assetsources_name_unq_idx` (`name`),
  UNIQUE KEY `craft_assetsources_handle_unq_idx` (`handle`),
  KEY `craft_assetsources_fieldLayoutId_fk` (`fieldLayoutId`)
) ENGINE=InnoDB DEFAULT CHARSET=utf8 COLLATE=utf8_unicode_ci;

DROP TABLE IF EXISTS `craft_assettransformindex`;


--
-- Schema for table `craft_assettransformindex`
--
CREATE TABLE `craft_assettransformindex` (
  `id` int(11) NOT NULL AUTO_INCREMENT,
  `fileId` int(11) NOT NULL,
  `filename` varchar(255) COLLATE utf8_unicode_ci DEFAULT NULL,
  `format` varchar(255) COLLATE utf8_unicode_ci DEFAULT NULL,
  `location` varchar(255) COLLATE utf8_unicode_ci NOT NULL,
  `sourceId` int(11) DEFAULT NULL,
  `fileExists` tinyint(1) DEFAULT NULL,
  `inProgress` tinyint(1) DEFAULT NULL,
  `dateIndexed` datetime DEFAULT NULL,
  `dateCreated` datetime NOT NULL,
  `dateUpdated` datetime NOT NULL,
  `uid` char(36) COLLATE utf8_unicode_ci NOT NULL DEFAULT '0',
  PRIMARY KEY (`id`),
  KEY `craft_assettransformindex_sourceId_fileId_location_idx` (`sourceId`,`fileId`,`location`)
) ENGINE=InnoDB DEFAULT CHARSET=utf8 COLLATE=utf8_unicode_ci;

DROP TABLE IF EXISTS `craft_assettransforms`;


--
-- Schema for table `craft_assettransforms`
--
CREATE TABLE `craft_assettransforms` (
  `id` int(11) NOT NULL AUTO_INCREMENT,
  `name` varchar(255) COLLATE utf8_unicode_ci NOT NULL,
  `handle` varchar(255) COLLATE utf8_unicode_ci NOT NULL,
  `mode` enum('stretch','fit','crop') COLLATE utf8_unicode_ci NOT NULL DEFAULT 'crop',
  `position` enum('top-left','top-center','top-right','center-left','center-center','center-right','bottom-left','bottom-center','bottom-right') COLLATE utf8_unicode_ci NOT NULL DEFAULT 'center-center',
  `height` int(11) DEFAULT NULL,
  `width` int(11) DEFAULT NULL,
  `format` varchar(255) COLLATE utf8_unicode_ci DEFAULT NULL,
  `quality` int(11) DEFAULT NULL,
  `dimensionChangeTime` datetime DEFAULT NULL,
  `dateCreated` datetime NOT NULL,
  `dateUpdated` datetime NOT NULL,
  `uid` char(36) COLLATE utf8_unicode_ci NOT NULL DEFAULT '0',
  PRIMARY KEY (`id`),
  UNIQUE KEY `craft_assettransforms_name_unq_idx` (`name`),
  UNIQUE KEY `craft_assettransforms_handle_unq_idx` (`handle`)
) ENGINE=InnoDB DEFAULT CHARSET=utf8 COLLATE=utf8_unicode_ci;

DROP TABLE IF EXISTS `craft_categories`;


--
-- Schema for table `craft_categories`
--
CREATE TABLE `craft_categories` (
  `id` int(11) NOT NULL,
  `groupId` int(11) NOT NULL,
  `dateCreated` datetime NOT NULL,
  `dateUpdated` datetime NOT NULL,
  `uid` char(36) COLLATE utf8_unicode_ci NOT NULL DEFAULT '0',
  PRIMARY KEY (`id`),
  KEY `craft_categories_groupId_fk` (`groupId`)
) ENGINE=InnoDB DEFAULT CHARSET=utf8 COLLATE=utf8_unicode_ci;

DROP TABLE IF EXISTS `craft_categorygroups`;


--
-- Schema for table `craft_categorygroups`
--
CREATE TABLE `craft_categorygroups` (
  `id` int(11) NOT NULL AUTO_INCREMENT,
  `structureId` int(11) NOT NULL,
  `fieldLayoutId` int(11) DEFAULT NULL,
  `name` varchar(255) COLLATE utf8_unicode_ci NOT NULL,
  `handle` varchar(255) COLLATE utf8_unicode_ci NOT NULL,
  `hasUrls` tinyint(1) unsigned NOT NULL DEFAULT '1',
  `template` varchar(500) COLLATE utf8_unicode_ci DEFAULT NULL,
  `dateCreated` datetime NOT NULL,
  `dateUpdated` datetime NOT NULL,
  `uid` char(36) COLLATE utf8_unicode_ci NOT NULL DEFAULT '0',
  PRIMARY KEY (`id`),
  UNIQUE KEY `craft_categorygroups_name_unq_idx` (`name`),
  UNIQUE KEY `craft_categorygroups_handle_unq_idx` (`handle`),
  KEY `craft_categorygroups_structureId_fk` (`structureId`),
  KEY `craft_categorygroups_fieldLayoutId_fk` (`fieldLayoutId`)
) ENGINE=InnoDB DEFAULT CHARSET=utf8 COLLATE=utf8_unicode_ci;

DROP TABLE IF EXISTS `craft_categorygroups_i18n`;


--
-- Schema for table `craft_categorygroups_i18n`
--
CREATE TABLE `craft_categorygroups_i18n` (
  `id` int(11) NOT NULL AUTO_INCREMENT,
  `groupId` int(11) NOT NULL,
  `locale` char(12) COLLATE utf8_unicode_ci NOT NULL,
  `urlFormat` text COLLATE utf8_unicode_ci,
  `nestedUrlFormat` text COLLATE utf8_unicode_ci,
  `dateCreated` datetime NOT NULL,
  `dateUpdated` datetime NOT NULL,
  `uid` char(36) COLLATE utf8_unicode_ci NOT NULL DEFAULT '0',
  PRIMARY KEY (`id`),
  UNIQUE KEY `craft_categorygroups_i18n_groupId_locale_unq_idx` (`groupId`,`locale`),
  KEY `craft_categorygroups_i18n_locale_fk` (`locale`)
) ENGINE=InnoDB DEFAULT CHARSET=utf8 COLLATE=utf8_unicode_ci;

DROP TABLE IF EXISTS `craft_content`;


--
-- Schema for table `craft_content`
--
CREATE TABLE `craft_content` (
  `id` int(11) NOT NULL AUTO_INCREMENT,
  `elementId` int(11) NOT NULL,
  `locale` char(12) COLLATE utf8_unicode_ci NOT NULL,
  `title` varchar(255) COLLATE utf8_unicode_ci DEFAULT NULL,
  `field_body` text COLLATE utf8_unicode_ci,
  `dateCreated` datetime NOT NULL,
  `dateUpdated` datetime NOT NULL,
  `uid` char(36) COLLATE utf8_unicode_ci NOT NULL DEFAULT '0',
  PRIMARY KEY (`id`),
  UNIQUE KEY `craft_content_elementId_locale_unq_idx` (`elementId`,`locale`),
  KEY `craft_content_title_idx` (`title`),
  KEY `craft_content_locale_fk` (`locale`)
) ENGINE=InnoDB AUTO_INCREMENT=30 DEFAULT CHARSET=utf8 COLLATE=utf8_unicode_ci;

--
-- Data for table `craft_content`
--

INSERT INTO `craft_content` (`id`, `elementId`, `locale`, `title`, `field_body`, `dateCreated`, `dateUpdated`, `uid`) VALUES
 ('1', '1', 'en_us', NULL, NULL, '2017-10-02 08:50:16', '2017-10-02 08:50:16', 'b84a81b4-a9ad-41f4-bbdf-3be1145694f9'),
 ('4', '4', 'en_us', 'Home', NULL, '2017-10-02 09:02:09', '2017-10-02 09:02:09', '7231f006-d44a-4c8a-880f-230167d037a2'),
 ('5', '5', 'en_us', 'Contact us', NULL, '2017-10-02 09:02:39', '2017-10-25 10:23:29', '85576fe3-0e7b-41c7-ac63-93602e38b0aa'),
 ('6', '6', 'en_us', 'Downloads', NULL, '2017-10-02 09:02:56', '2017-10-02 10:26:19', '50ba067d-c2e4-47e3-a858-7bf58be373c9'),
 ('7', '7', 'en_us', 'FAQ', NULL, '2017-10-02 09:03:11', '2017-10-02 09:03:11', '411213d7-bb63-413f-87ce-efe55b5144ef'),
 ('8', '8', 'en_us', 'Testimonials', '', '2017-10-02 09:06:40', '2017-10-23 10:27:30', 'ed8e7193-a33c-4d84-92b9-a78d6b65788c'),
 ('16', '16', 'en_us', 'Key Features', '<div class=\"row text-left pt-5\">\r\n        <div class=\"col-12 col-md-6\"><h3><strong>CALENDAR INTEGRATION &amp; CORRELATION</strong></h3><br />Tistro™’s unique calendar integration &amp; attendee availability correlation capabilities incorporates this critical data into the overall time &amp; activity information delivered into Tistro Cloud™.<br />This enables reporting of the full scope of user activities &amp; interactions within the enterprise.\r\n<p> </p></div>\r\n<div class=\"col-12 col-md-6 pt-4 pt-md-0\"><h3><strong>EMPLOYEE EMPOWERMENT &amp; PERFORMANCE MANAGEMENT</strong></h3><br />Tistro™ performance profiling allows line management and human resources departments to review users work performance and work loading on an ongoing basis to establish any behavior anomalies that could affect productivity. <br />This allows organization to managing employee’s wellbeing through identifying work life imbalances.</div>\r\n<div class=\"row text-left pt-5\">\r\n        <div class=\"col-12 col-md-6\">\r\n<h3><strong>NEAR REAL-TIME USER ACTIVITY INTERPOLATION</strong></h3><br />Through interpolating a user’s work rate &amp; what they are working on, Tistro™ can provide user productivity reporting.<br /><br /><strong>DATA ENCRYPTION ENCRYPTED</strong>\r\n<p>All Tistro™ data is encrypted at source, using Private Public Key Encryption (PPK).\r\n</p></div>\r\n<div class=\"col-12 col-md-6 pt-4 pt-md-0\">\r\n<h3><strong>AUTOMATED USER &amp; CONTRACTOR TIME MANAGEMENT</strong></h3><br />In the project environment, Tistro™ allows for automatically generated timesheets. <br />These can be easily allocated to projects or activities through the Tistro Cloud™.<br />For non-timesheet based users Tistro™ provides powerful, independent productivity reporting, assisting in performance reviews.<br />This process can save thousands of man hours, optimising the performance management process.\r\n</div>\r\n<div class=\"row text-left pt-5\">\r\n        <div class=\"col-12 col-md-6\"></div></div></div></div>', '2017-10-23 10:14:49', '2017-10-24 14:19:31', 'c4a586d5-a869-4828-bb21-5cc3383605f0'),
 ('21', '21', 'en_us', 'Register', NULL, '2017-10-25 13:01:38', '2017-10-25 13:01:38', '2ff8bd3f-bbeb-4131-9081-1e4aa7e52424'),
 ('29', '29', 'en_us', NULL, NULL, '2017-10-26 10:56:26', '2017-10-26 10:56:26', 'b36a6360-d4db-45b3-904d-36a809c5be3d');



DROP TABLE IF EXISTS `craft_deprecationerrors`;


--
-- Schema for table `craft_deprecationerrors`
--
CREATE TABLE `craft_deprecationerrors` (
  `id` int(11) NOT NULL AUTO_INCREMENT,
  `key` varchar(255) COLLATE utf8_unicode_ci NOT NULL,
  `fingerprint` varchar(255) COLLATE utf8_unicode_ci NOT NULL,
  `lastOccurrence` datetime NOT NULL,
  `file` varchar(255) COLLATE utf8_unicode_ci NOT NULL,
  `line` smallint(6) unsigned NOT NULL,
  `class` varchar(255) COLLATE utf8_unicode_ci DEFAULT NULL,
  `method` varchar(255) COLLATE utf8_unicode_ci DEFAULT NULL,
  `template` varchar(255) COLLATE utf8_unicode_ci DEFAULT NULL,
  `templateLine` smallint(6) unsigned DEFAULT NULL,
  `message` varchar(255) COLLATE utf8_unicode_ci DEFAULT NULL,
  `traces` text COLLATE utf8_unicode_ci,
  `dateCreated` datetime NOT NULL,
  `dateUpdated` datetime NOT NULL,
  `uid` char(36) COLLATE utf8_unicode_ci NOT NULL DEFAULT '0',
  PRIMARY KEY (`id`),
  UNIQUE KEY `craft_deprecationerrors_key_fingerprint_unq_idx` (`key`,`fingerprint`)
) ENGINE=InnoDB DEFAULT CHARSET=utf8 COLLATE=utf8_unicode_ci;

DROP TABLE IF EXISTS `craft_elementindexsettings`;


--
-- Schema for table `craft_elementindexsettings`
--
CREATE TABLE `craft_elementindexsettings` (
  `id` int(11) NOT NULL AUTO_INCREMENT,
  `type` varchar(150) COLLATE utf8_unicode_ci NOT NULL,
  `settings` text COLLATE utf8_unicode_ci,
  `dateCreated` datetime NOT NULL,
  `dateUpdated` datetime NOT NULL,
  `uid` char(36) COLLATE utf8_unicode_ci NOT NULL DEFAULT '0',
  PRIMARY KEY (`id`),
  UNIQUE KEY `craft_elementindexsettings_type_unq_idx` (`type`)
) ENGINE=InnoDB AUTO_INCREMENT=2 DEFAULT CHARSET=utf8 COLLATE=utf8_unicode_ci;

--
-- Data for table `craft_elementindexsettings`
--

INSERT INTO `craft_elementindexsettings` (`id`, `type`, `settings`, `dateCreated`, `dateUpdated`, `uid`) VALUES
 ('1', 'User', '{\"sources\":{\"group:1\":{\"tableAttributes\":{\"1\":\"fullName\",\"2\":\"email\",\"3\":\"dateCreated\",\"4\":\"lastLoginDate\"}}}}', '2017-10-26 11:57:02', '2017-10-26 11:57:02', '7f0d2506-ca5d-48a4-89c1-603835238198');



DROP TABLE IF EXISTS `craft_elements`;


--
-- Schema for table `craft_elements`
--
CREATE TABLE `craft_elements` (
  `id` int(11) NOT NULL AUTO_INCREMENT,
  `type` varchar(150) COLLATE utf8_unicode_ci NOT NULL,
  `enabled` tinyint(1) unsigned NOT NULL DEFAULT '1',
  `archived` tinyint(1) unsigned NOT NULL DEFAULT '0',
  `dateCreated` datetime NOT NULL,
  `dateUpdated` datetime NOT NULL,
  `uid` char(36) COLLATE utf8_unicode_ci NOT NULL DEFAULT '0',
  PRIMARY KEY (`id`),
  KEY `craft_elements_type_idx` (`type`),
  KEY `craft_elements_enabled_idx` (`enabled`),
  KEY `craft_elements_archived_dateCreated_idx` (`archived`,`dateCreated`)
) ENGINE=InnoDB AUTO_INCREMENT=30 DEFAULT CHARSET=utf8 COLLATE=utf8_unicode_ci;

--
-- Data for table `craft_elements`
--

INSERT INTO `craft_elements` (`id`, `type`, `enabled`, `archived`, `dateCreated`, `dateUpdated`, `uid`) VALUES
 ('1', 'User', '1', '0', '2017-10-02 08:50:16', '2017-10-02 08:50:16', '06b2679e-b37d-47f4-83cf-4f89c96688c3'),
 ('4', 'Entry', '1', '0', '2017-10-02 09:02:09', '2017-10-02 09:02:09', '31c39d9c-b4d5-4ae8-abee-b9a738331cca'),
 ('5', 'Entry', '1', '0', '2017-10-02 09:02:39', '2017-10-25 10:23:29', '5b5b0214-8823-4ca4-bc1a-51d3cbf7be90'),
 ('6', 'Entry', '1', '0', '2017-10-02 09:02:56', '2017-10-02 10:26:19', '073b16f2-30c0-4008-b6b7-3011edc8ba68'),
 ('7', 'Entry', '1', '0', '2017-10-02 09:03:11', '2017-10-02 09:03:11', 'dda430e7-1ce6-4892-930e-b314b314138d'),
 ('8', 'Entry', '1', '0', '2017-10-02 09:06:40', '2017-10-23 10:27:30', '963c822a-50bf-4636-8863-3496e059888c'),
 ('16', 'Entry', '1', '0', '2017-10-23 10:14:49', '2017-10-24 14:19:31', '54082592-c1f8-4328-8b47-3d1988852a19'),
 ('21', 'Entry', '1', '0', '2017-10-25 13:01:37', '2017-10-25 13:01:37', 'ed7ecf22-9a41-415f-8815-acb8850d2536'),
 ('29', 'User', '1', '0', '2017-10-26 10:56:26', '2017-10-26 10:56:26', '1e564c66-7a33-4c84-99e8-512dfd7de279');



DROP TABLE IF EXISTS `craft_elements_i18n`;


--
-- Schema for table `craft_elements_i18n`
--
CREATE TABLE `craft_elements_i18n` (
  `id` int(11) NOT NULL AUTO_INCREMENT,
  `elementId` int(11) NOT NULL,
  `locale` char(12) COLLATE utf8_unicode_ci NOT NULL,
  `slug` varchar(255) COLLATE utf8_unicode_ci DEFAULT NULL,
  `uri` varchar(255) COLLATE utf8_unicode_ci DEFAULT NULL,
  `enabled` tinyint(1) unsigned NOT NULL DEFAULT '1',
  `dateCreated` datetime NOT NULL,
  `dateUpdated` datetime NOT NULL,
  `uid` char(36) COLLATE utf8_unicode_ci NOT NULL DEFAULT '0',
  PRIMARY KEY (`id`),
  UNIQUE KEY `craft_elements_i18n_elementId_locale_unq_idx` (`elementId`,`locale`),
  UNIQUE KEY `craft_elements_i18n_uri_locale_unq_idx` (`uri`,`locale`),
  KEY `craft_elements_i18n_slug_locale_idx` (`slug`,`locale`),
  KEY `craft_elements_i18n_enabled_idx` (`enabled`),
  KEY `craft_elements_i18n_locale_fk` (`locale`)
) ENGINE=InnoDB AUTO_INCREMENT=30 DEFAULT CHARSET=utf8 COLLATE=utf8_unicode_ci;

--
-- Data for table `craft_elements_i18n`
--

INSERT INTO `craft_elements_i18n` (`id`, `elementId`, `locale`, `slug`, `uri`, `enabled`, `dateCreated`, `dateUpdated`, `uid`) VALUES
 ('1', '1', 'en_us', '', NULL, '1', '2017-10-02 08:50:16', '2017-10-02 08:50:16', '90fedd1e-c7ad-414a-8e35-c69645ec3102'),
 ('4', '4', 'en_us', 'home', '__home__', '1', '2017-10-02 09:02:09', '2017-10-02 09:02:09', '4035e3bc-6e0c-4a52-9279-1b07291f6c61'),
 ('5', '5', 'en_us', 'contact-us', 'contact-us', '1', '2017-10-02 09:02:39', '2017-10-25 10:23:29', 'b5854c34-a496-4589-b78f-88f3a4312c42'),
 ('6', '6', 'en_us', 'downloads', 'downloads', '1', '2017-10-02 09:02:56', '2017-10-02 10:26:19', '3278d8b2-d7a5-4225-8d35-a7f180a71fe2'),
 ('7', '7', 'en_us', 'faq', 'faq', '1', '2017-10-02 09:03:11', '2017-10-02 09:03:11', 'a789c742-2b1d-4955-a309-d63f8f439af7'),
 ('8', '8', 'en_us', 'testimonials', 'testimonials', '1', '2017-10-02 09:06:40', '2017-10-23 10:27:30', '5687d3c9-97ec-4885-9fdd-fc2d714d808b'),
 ('16', '16', 'en_us', 'about', 'about', '1', '2017-10-23 10:14:49', '2017-10-24 14:19:31', '6b27278a-e01b-4cf5-9bff-7e212b3cfd16'),
 ('21', '21', 'en_us', 'register', 'register', '1', '2017-10-25 13:01:38', '2017-10-25 13:01:38', '91aa020f-d09b-4810-b0a8-8950e7662905'),
 ('29', '29', 'en_us', '', NULL, '1', '2017-10-26 10:56:26', '2017-10-26 10:56:26', '82b7f1d9-82d6-41dd-8ed1-dfdfb5173793');



DROP TABLE IF EXISTS `craft_emailmessages`;


--
-- Schema for table `craft_emailmessages`
--
CREATE TABLE `craft_emailmessages` (
  `id` int(11) NOT NULL AUTO_INCREMENT,
  `key` char(150) COLLATE utf8_unicode_ci NOT NULL,
  `locale` char(12) COLLATE utf8_unicode_ci NOT NULL,
  `subject` varchar(1000) COLLATE utf8_unicode_ci NOT NULL,
  `body` text COLLATE utf8_unicode_ci NOT NULL,
  `dateCreated` datetime NOT NULL,
  `dateUpdated` datetime NOT NULL,
  `uid` char(36) COLLATE utf8_unicode_ci NOT NULL DEFAULT '0',
  PRIMARY KEY (`id`),
  UNIQUE KEY `craft_emailmessages_key_locale_unq_idx` (`key`,`locale`),
  KEY `craft_emailmessages_locale_fk` (`locale`)
) ENGINE=InnoDB DEFAULT CHARSET=utf8 COLLATE=utf8_unicode_ci;

DROP TABLE IF EXISTS `craft_entries`;


--
-- Schema for table `craft_entries`
--
CREATE TABLE `craft_entries` (
  `id` int(11) NOT NULL,
  `sectionId` int(11) NOT NULL,
  `typeId` int(11) DEFAULT NULL,
  `authorId` int(11) DEFAULT NULL,
  `postDate` datetime DEFAULT NULL,
  `expiryDate` datetime DEFAULT NULL,
  `dateCreated` datetime NOT NULL,
  `dateUpdated` datetime NOT NULL,
  `uid` char(36) COLLATE utf8_unicode_ci NOT NULL DEFAULT '0',
  PRIMARY KEY (`id`),
  KEY `craft_entries_sectionId_idx` (`sectionId`),
  KEY `craft_entries_typeId_idx` (`typeId`),
  KEY `craft_entries_postDate_idx` (`postDate`),
  KEY `craft_entries_expiryDate_idx` (`expiryDate`),
  KEY `craft_entries_authorId_fk` (`authorId`)
) ENGINE=InnoDB DEFAULT CHARSET=utf8 COLLATE=utf8_unicode_ci;

--
-- Data for table `craft_entries`
--

INSERT INTO `craft_entries` (`id`, `sectionId`, `typeId`, `authorId`, `postDate`, `expiryDate`, `dateCreated`, `dateUpdated`, `uid`) VALUES
 ('4', '3', NULL, NULL, '2017-10-02 09:02:09', NULL, '2017-10-02 09:02:09', '2017-10-02 09:02:09', 'e932d516-4291-415d-bdff-beeea9f358ad'),
 ('5', '4', NULL, NULL, '2017-10-02 09:02:39', NULL, '2017-10-02 09:02:39', '2017-10-25 10:23:29', '410d6dd2-3111-4498-8d64-9927c6be3ae0'),
 ('6', '5', '5', NULL, '2017-10-02 10:26:18', NULL, '2017-10-02 09:02:56', '2017-10-02 10:26:18', 'a65cda2b-0364-4b65-8231-15e228d2c7ce'),
 ('7', '6', NULL, NULL, '2017-10-02 09:03:11', NULL, '2017-10-02 09:03:11', '2017-10-02 09:03:11', 'c96d3f53-be22-4f34-8b1d-b1635aee63b5'),
 ('8', '7', NULL, NULL, '2017-10-02 09:06:40', NULL, '2017-10-02 09:06:40', '2017-10-23 10:27:30', '309b6502-8d18-4672-8407-bc29ce0b63bf'),
 ('16', '11', NULL, NULL, '2017-10-23 10:14:49', NULL, '2017-10-23 10:14:49', '2017-10-24 14:19:31', '3663df78-e05a-434e-a24d-ae1fd8af5dfd'),
 ('21', '12', NULL, NULL, '2017-10-25 13:01:37', NULL, '2017-10-25 13:01:38', '2017-10-25 13:01:38', 'fdfe7ae9-4519-4083-b147-f319bb7703c9');



DROP TABLE IF EXISTS `craft_entrydrafts`;


--
-- Schema for table `craft_entrydrafts`
--
CREATE TABLE `craft_entrydrafts` (
  `id` int(11) NOT NULL AUTO_INCREMENT,
  `entryId` int(11) NOT NULL,
  `sectionId` int(11) NOT NULL,
  `creatorId` int(11) NOT NULL,
  `locale` char(12) COLLATE utf8_unicode_ci NOT NULL,
  `name` varchar(255) COLLATE utf8_unicode_ci NOT NULL,
  `notes` tinytext COLLATE utf8_unicode_ci,
  `data` mediumtext COLLATE utf8_unicode_ci NOT NULL,
  `dateCreated` datetime NOT NULL,
  `dateUpdated` datetime NOT NULL,
  `uid` char(36) COLLATE utf8_unicode_ci NOT NULL DEFAULT '0',
  PRIMARY KEY (`id`),
  KEY `craft_entrydrafts_entryId_locale_idx` (`entryId`,`locale`),
  KEY `craft_entrydrafts_sectionId_fk` (`sectionId`),
  KEY `craft_entrydrafts_creatorId_fk` (`creatorId`),
  KEY `craft_entrydrafts_locale_fk` (`locale`)
) ENGINE=InnoDB DEFAULT CHARSET=utf8 COLLATE=utf8_unicode_ci;

DROP TABLE IF EXISTS `craft_entrytypes`;


--
-- Schema for table `craft_entrytypes`
--
CREATE TABLE `craft_entrytypes` (
  `id` int(11) NOT NULL AUTO_INCREMENT,
  `sectionId` int(11) NOT NULL,
  `fieldLayoutId` int(11) DEFAULT NULL,
  `name` varchar(255) COLLATE utf8_unicode_ci NOT NULL,
  `handle` varchar(255) COLLATE utf8_unicode_ci NOT NULL,
  `hasTitleField` tinyint(1) unsigned NOT NULL DEFAULT '1',
  `titleLabel` varchar(255) COLLATE utf8_unicode_ci DEFAULT 'Title',
  `titleFormat` varchar(255) COLLATE utf8_unicode_ci DEFAULT NULL,
  `sortOrder` smallint(6) unsigned DEFAULT NULL,
  `dateCreated` datetime NOT NULL,
  `dateUpdated` datetime NOT NULL,
  `uid` char(36) COLLATE utf8_unicode_ci NOT NULL DEFAULT '0',
  PRIMARY KEY (`id`),
  UNIQUE KEY `craft_entrytypes_name_sectionId_unq_idx` (`name`,`sectionId`),
  UNIQUE KEY `craft_entrytypes_handle_sectionId_unq_idx` (`handle`,`sectionId`),
  KEY `craft_entrytypes_sectionId_fk` (`sectionId`),
  KEY `craft_entrytypes_fieldLayoutId_fk` (`fieldLayoutId`)
) ENGINE=InnoDB AUTO_INCREMENT=13 DEFAULT CHARSET=utf8 COLLATE=utf8_unicode_ci;

--
-- Data for table `craft_entrytypes`
--

INSERT INTO `craft_entrytypes` (`id`, `sectionId`, `fieldLayoutId`, `name`, `handle`, `hasTitleField`, `titleLabel`, `titleFormat`, `sortOrder`, `dateCreated`, `dateUpdated`, `uid`) VALUES
 ('3', '3', '6', 'Home', 'home', '0', NULL, '{section.name|raw}', '1', '2017-10-02 09:02:09', '2017-10-02 09:02:09', '18d640c9-de20-4bfa-b992-a7f08daf3b56'),
 ('4', '4', '7', 'Contact us', 'contactUs', '0', NULL, '{section.name|raw}', '1', '2017-10-02 09:02:39', '2017-10-02 09:02:39', '4992d813-0056-4116-a96f-712de8de5500'),
 ('5', '5', '8', 'Downloads', 'downloads', '0', NULL, '{section.name|raw}', '1', '2017-10-02 09:02:56', '2017-10-02 09:02:56', 'bedeb019-dc73-43d8-b51d-905ea1edcaf2'),
 ('6', '6', '9', 'FAQ', 'faq', '0', NULL, '{section.name|raw}', '1', '2017-10-02 09:03:11', '2017-10-02 09:03:11', 'e9b782ad-666f-4a34-b437-9113985d3cb3'),
 ('7', '7', '15', 'Testimonials', 'testimonials', '0', NULL, '{section.name|raw}', '1', '2017-10-02 09:06:40', '2017-10-23 08:48:55', '37418f72-98ae-428d-ad22-8ee1e2b8a222'),
 ('9', '9', '12', 'Success', 'success', '1', 'Title', NULL, '1', '2017-10-02 12:09:31', '2017-10-02 12:09:31', '137a54a2-2199-41cc-b7aa-896932cc121f'),
 ('10', '10', '13', 'Viewentry', 'viewentry', '1', 'Title', NULL, '1', '2017-10-02 14:06:27', '2017-10-02 14:06:27', 'fa4e773f-f95b-43ac-bb32-c07b0090460d'),
 ('11', '11', '18', 'About', 'about', '1', '', NULL, '1', '2017-10-23 10:14:49', '2017-10-23 10:16:01', '23aba4bc-e65a-413f-a11e-7f3e259ff68e'),
 ('12', '12', '19', 'Register', 'register', '0', NULL, '{section.name|raw}', '1', '2017-10-25 13:01:37', '2017-10-25 13:01:37', '404db07b-46e7-4160-a749-e3ac8c242693');



DROP TABLE IF EXISTS `craft_entryversions`;


--
-- Schema for table `craft_entryversions`
--
CREATE TABLE `craft_entryversions` (
  `id` int(11) NOT NULL AUTO_INCREMENT,
  `entryId` int(11) NOT NULL,
  `sectionId` int(11) NOT NULL,
  `creatorId` int(11) DEFAULT NULL,
  `locale` char(12) COLLATE utf8_unicode_ci NOT NULL,
  `num` smallint(6) unsigned NOT NULL,
  `notes` tinytext COLLATE utf8_unicode_ci,
  `data` mediumtext COLLATE utf8_unicode_ci NOT NULL,
  `dateCreated` datetime NOT NULL,
  `dateUpdated` datetime NOT NULL,
  `uid` char(36) COLLATE utf8_unicode_ci NOT NULL DEFAULT '0',
  PRIMARY KEY (`id`),
  KEY `craft_entryversions_entryId_locale_idx` (`entryId`,`locale`),
  KEY `craft_entryversions_sectionId_fk` (`sectionId`),
  KEY `craft_entryversions_creatorId_fk` (`creatorId`),
  KEY `craft_entryversions_locale_fk` (`locale`)
) ENGINE=InnoDB AUTO_INCREMENT=56 DEFAULT CHARSET=utf8 COLLATE=utf8_unicode_ci;

--
-- Data for table `craft_entryversions`
--

INSERT INTO `craft_entryversions` (`id`, `entryId`, `sectionId`, `creatorId`, `locale`, `num`, `notes`, `data`, `dateCreated`, `dateUpdated`, `uid`) VALUES
 ('4', '4', '3', '1', 'en_us', '1', NULL, '{\"typeId\":\"3\",\"authorId\":null,\"title\":\"Home\",\"slug\":\"home\",\"postDate\":1506934929,\"expiryDate\":null,\"enabled\":1,\"parentId\":null,\"fields\":[]}', '2017-10-02 09:02:09', '2017-10-02 09:02:09', 'de18f210-1695-4f8c-b1c6-147226492384'),
 ('5', '5', '4', '1', 'en_us', '1', NULL, '{\"typeId\":\"4\",\"authorId\":null,\"title\":\"Contact us\",\"slug\":\"contact-us\",\"postDate\":1506934959,\"expiryDate\":null,\"enabled\":1,\"parentId\":null,\"fields\":[]}', '2017-10-02 09:02:39', '2017-10-02 09:02:39', '94d8de5c-b2f9-4893-a944-09e21ceda363'),
 ('6', '6', '5', '1', 'en_us', '1', NULL, '{\"typeId\":\"5\",\"authorId\":null,\"title\":\"Downloads\",\"slug\":\"downloads\",\"postDate\":1506934976,\"expiryDate\":null,\"enabled\":1,\"parentId\":null,\"fields\":[]}', '2017-10-02 09:02:56', '2017-10-02 09:02:56', '7b8926fd-ed45-4556-8afd-dfcd1474f0b9'),
 ('7', '7', '6', '1', 'en_us', '1', NULL, '{\"typeId\":\"6\",\"authorId\":null,\"title\":\"FAQ\",\"slug\":\"faq\",\"postDate\":1506934991,\"expiryDate\":null,\"enabled\":1,\"parentId\":null,\"fields\":[]}', '2017-10-02 09:03:11', '2017-10-02 09:03:11', 'bc3596d3-cde9-4b07-a4da-6d62f7f8aed9'),
 ('8', '8', '7', '1', 'en_us', '1', NULL, '{\"typeId\":\"7\",\"authorId\":null,\"title\":\"Testimonials\",\"slug\":\"testimonials\",\"postDate\":1506935200,\"expiryDate\":null,\"enabled\":1,\"parentId\":null,\"fields\":[]}', '2017-10-02 09:06:40', '2017-10-02 09:06:40', 'b64b436a-793d-4c07-a18f-c4394bf67ab5'),
 ('10', '8', '7', '1', 'en_us', '2', '', '{\"typeId\":null,\"authorId\":null,\"title\":\"Testimonials\",\"slug\":\"testimonials\",\"postDate\":1506935200,\"expiryDate\":null,\"enabled\":1,\"parentId\":null,\"fields\":{\"1\":\"<p>adasfsfsdfgsxgdhx<\\/p>\"}}', '2017-10-23 08:55:11', '2017-10-23 08:55:11', '70679d40-e947-4796-8663-4e6cf97c638f'),
 ('17', '8', '7', '1', 'en_us', '3', '', '{\"typeId\":null,\"authorId\":null,\"title\":\"Testimonials\",\"slug\":\"testimonials\",\"postDate\":1506935200,\"expiryDate\":null,\"enabled\":1,\"parentId\":null,\"fields\":{\"1\":\"<p>adasfsfsdfgsxgdhx<\\/p>\"}}', '2017-10-23 10:06:40', '2017-10-23 10:06:40', 'e37190bf-1061-4bc1-8209-c387ecb8627d'),
 ('21', '16', '11', '1', 'en_us', '1', NULL, '{\"typeId\":\"11\",\"authorId\":null,\"title\":\"About\",\"slug\":\"about\",\"postDate\":1508753689,\"expiryDate\":null,\"enabled\":1,\"parentId\":null,\"fields\":[]}', '2017-10-23 10:14:49', '2017-10-23 10:14:49', '7c9b86c8-c06d-4eab-a14a-cbe314c2e2c2'),
 ('22', '16', '11', '1', 'en_us', '2', '', '{\"typeId\":null,\"authorId\":null,\"title\":\"About\",\"slug\":\"about\",\"postDate\":1508753689,\"expiryDate\":null,\"enabled\":1,\"parentId\":null,\"fields\":{\"1\":\"<p>Overview<\\/p><p><br>Functions<\\/p><p><br><\\/p><p><br><\\/p>\"}}', '2017-10-23 10:17:40', '2017-10-23 10:17:40', '5a629982-2c65-4b36-8d11-a70f313ef931'),
 ('23', '16', '11', '1', 'en_us', '3', '', '{\"typeId\":null,\"authorId\":null,\"title\":\"About\",\"slug\":\"about\",\"postDate\":1508753689,\"expiryDate\":null,\"enabled\":1,\"parentId\":null,\"fields\":{\"1\":\"<p>Overview<\\/p>\\r\\n<p><br>Functions<\\/p>\\r\\n<p><br><\\/p>\\r\\n<p><br><\\/p>\"}}', '2017-10-23 10:21:56', '2017-10-23 10:21:56', '88b89251-a12f-40b4-a7ad-b058f7b3cd62'),
 ('24', '8', '7', '1', 'en_us', '4', '', '{\"typeId\":null,\"authorId\":null,\"title\":\"Testimonials\",\"slug\":\"testimonials\",\"postDate\":1506935200,\"expiryDate\":null,\"enabled\":1,\"parentId\":null,\"fields\":{\"1\":\"<p><\\/p><p>&lt;!--banner--&gt;<\\/p>\\r\\n<p>&lt;meta name=\\\"viewport\\\" content=\\\"width=device-width, initial-scale=1\\\"&gt;<br><link rel=\\\"stylesheet\\\" href=\\\"https:\\/\\/www.w3schools.com\\/w3css\\/4\\/w3.css\\\"><br>&lt;style&gt;<br>.mySlides {display:none}<br>.w3-left, .w3-right, .w3-badge {cursor:pointer}<br>.w3-badge {height:13px;width:13px;padding:0}<br>&lt;\\/style&gt;<br>&lt;body&gt;<\\/p>\\r\\n<p>&lt;div class=\\\"w3-content w3-display-container\\\" style=\\\"max-width:800px\\\"&gt;<br>&nbsp;<br>&nbsp; &lt;div class=\\\"w3-center w3-container w3-section w3-large w3-text-white w3-display-bottommiddle\\\" style=\\\"width:100%\\\"&gt;<br>&nbsp; &nbsp; &lt;div class=\\\"w3-left w3-hover-text-khaki\\\" onclick=\\\"plusDivs(-1)\\\"&gt;&#10094;&lt;\\/div&gt;<br>&nbsp; &nbsp; &lt;div class=\\\"w3-right w3-hover-text-khaki\\\" onclick=\\\"plusDivs(1)\\\"&gt;&#10095;&lt;\\/div&gt;<br>&nbsp; &nbsp; &lt;span class=\\\"w3-badge demo w3-border w3-transparent w3-hover-white\\\" onclick=\\\"currentDiv(1)\\\"&gt;&lt;\\/span&gt;<br>&nbsp; &nbsp; &lt;span class=\\\"w3-badge demo w3-border w3-transparent w3-hover-white\\\" onclick=\\\"currentDiv(2)\\\"&gt;&lt;\\/span&gt;<br>&nbsp; &nbsp; &lt;span class=\\\"w3-badge demo w3-border w3-transparent w3-hover-white\\\" onclick=\\\"currentDiv(3)\\\"&gt;&lt;\\/span&gt;<br>&nbsp; &lt;\\/div&gt;<br>&lt;\\/div&gt;<\\/p>\\r\\n<p>&lt;script&gt;<br>var slideIndex = 1;<br>showDivs(slideIndex);<\\/p>\\r\\n<p>function plusDivs(n) {<br>&nbsp; showDivs(slideIndex += n);<br>}<\\/p>\\r\\n<p>function currentDiv(n) {<br>&nbsp; showDivs(slideIndex = n);<br>}<\\/p>\\r\\n<p>function showDivs(n) {<br>&nbsp; var i;<br>&nbsp; var x = document.getElementsByClassName(\\\"mySlides\\\");<br>&nbsp; var dots = document.getElementsByClassName(\\\"demo\\\");<br>&nbsp; if (n &gt; x.length) {slideIndex = 1}&nbsp; &nbsp;&nbsp;<br>&nbsp; if (n &lt; 1) {slideIndex = x.length}<br>&nbsp; for (i = 0; i &lt; x.length; i++) {<br>&nbsp; &nbsp; &nbsp;x[i].style.display = \\\"none\\\";&nbsp;&nbsp;<br>&nbsp; }<br>&nbsp; for (i = 0; i &lt; dots.length; i++) {<br>&nbsp; &nbsp; &nbsp;dots[i].className = dots[i].className.replace(\\\" w3-white\\\", \\\"\\\");<br>&nbsp; }<br>&nbsp; x[slideIndex-1].style.display = \\\"block\\\";&nbsp;&nbsp;<br>&nbsp; dots[slideIndex-1].className += \\\" w3-white\\\";<br>}<br>&lt;\\/script&gt;<\\/p>\"}}', '2017-10-23 10:26:55', '2017-10-23 10:26:55', 'f4bf9200-c2bb-4bb8-848e-55a4dcc34629'),
 ('25', '8', '7', '1', 'en_us', '5', '', '{\"typeId\":null,\"authorId\":null,\"title\":\"Testimonials\",\"slug\":\"testimonials\",\"postDate\":1506935200,\"expiryDate\":null,\"enabled\":1,\"parentId\":null,\"fields\":{\"1\":\"\"}}', '2017-10-23 10:27:30', '2017-10-23 10:27:30', '531f6eef-2653-4c05-91af-87cb41f19838'),
 ('26', '16', '11', '1', 'en_us', '4', '', '{\"typeId\":null,\"authorId\":null,\"title\":\"About\",\"slug\":\"about\",\"postDate\":1508753689,\"expiryDate\":null,\"enabled\":1,\"parentId\":null,\"fields\":{\"1\":\"<p>Overview<\\/p><p>Tistro&trade; delivers enterprise wide productivity reporting.&nbsp;<\\/p>\\r\\n<p>Tistro&trade; was founded to address the needs of business to truly understand the productivity & behavior within their user base, automating time management.<\\/p>\\r\\n<p>FEATURES<br>Key benefits to the user & the enterprise<\\/p>\\r\\n<p>CALENDAR INTEGRATION & CORRELATION<br>Tistro&trade;\\u2019s unique calendar integration & attendee availability correlation capabilities incorporates this critical data into the overall time & activity information delivered into Tistro Cloud&trade;.<br>This enables reporting of the full scope of user activities & interactions within the enterprise.<\\/p>\\r\\n<p>EMPLOYEE EMPOWERMENT & PERFORMANCE MANAGEMENT<br>Tistro&trade; performance profiling allows line management and human resources departments to review users work performance and work loading on an ongoing basis to establish any behavior anomalies that could affect productivity.&nbsp;<br>This allows organization to managing employee\\u2019s wellbeing through identifying work life imbalances.<\\/p>\\r\\n<p>NEAR REAL-TIME USER ACTIVITY INTERPOLATION<br>Through interpolating a user\\u2019s work rate & what they are working on, Tistro&trade; can provide user productivity reporting.<\\/p>\\r\\n<p>AUTOMATED USER & CONTRACTOR TIME MANAGEMENT<br>In the project environment, Tistro&trade; allows for automatically generated timesheets.&nbsp;<br>These can be easily allocated to projects or activities through the Tistro Cloud&trade;.<br>For non-timesheet based users Tistro&trade; provides powerful, independent productivity reporting, assisting in performance reviews.<br>This process can save thousands of man hours, optimising the performance management process.<\\/p>\\r\\n<p>CALENDAR INTEGRATION & CORRELATION<br>Tistro&trade;\\u2019s unique calendar integration & attendee availability correlation capabilities incorporates this critical data into the overall time & activity information delivered into Tistro Cloud&trade;.<br>This enables reporting of the full scope of user activities & interactions within the enterprise.<\\/p>\\r\\n<p>DATA ENCRYPTION ENCRYPTED DATA SAMPLE<\\/p>\\r\\n<p>All Tistro&trade; data is encrypted at source, using Private Public Key Encryption (PPK).<\\/p>\"}}', '2017-10-24 07:21:21', '2017-10-24 07:21:21', '6148d6ba-bf58-4004-9f8a-7cba65d9e17f'),
 ('27', '16', '11', '1', 'en_us', '5', '', '{\"typeId\":null,\"authorId\":null,\"title\":\"About\",\"slug\":\"about\",\"postDate\":1508753689,\"expiryDate\":null,\"enabled\":1,\"parentId\":null,\"fields\":{\"1\":\"<p>Overview<\\/p>\\r\\n<p>Tistro&trade; delivers enterprise wide productivity reporting.&nbsp;<\\/p>\\r\\n<p>Tistro&trade; was founded to address the needs of business to truly understand the productivity & behavior within their user base, automating time management.<\\/p>\\r\\n<p>&lt;p align=\\\"center\\\"&gt;FEATURES<br>Key benefits to the user & the enterprise&lt;\\/p&gt;<\\/p>\\r\\n<p>CALENDAR INTEGRATION & CORRELATION<br>Tistro&trade;\\u2019s unique calendar integration & attendee availability correlation capabilities incorporates this critical data into the overall time & activity information delivered into Tistro Cloud&trade;.<br>This enables reporting of the full scope of user activities & interactions within the enterprise.<\\/p>\\r\\n<p>&nbsp;<\\/p><p>EMPLOYEE EMPOWERMENT & PERFORMANCE MANAGEMENT<br>Tistro&trade; performance profiling allows line management and human resources departments to review users work performance and work loading on an ongoing basis to establish any behavior anomalies that could affect productivity.&nbsp;<br>This allows organization to managing employee\\u2019s wellbeing through identifying work life imbalances.<\\/p>\\r\\n<p>NEAR REAL-TIME USER ACTIVITY INTERPOLATION<br>Through interpolating a user\\u2019s work rate & what they are working on, Tistro&trade; can provide user productivity reporting.<\\/p>\\r\\n<p>AUTOMATED USER & CONTRACTOR TIME MANAGEMENT<br>In the project environment, Tistro&trade; allows for automatically generated timesheets.&nbsp;<br>These can be easily allocated to projects or activities through the Tistro Cloud&trade;.<br>For non-timesheet based users Tistro&trade; provides powerful, independent productivity reporting, assisting in performance reviews.<br>This process can save thousands of man hours, optimising the performance management process.<\\/p>\\r\\n<p>CALENDAR INTEGRATION & CORRELATION<br>Tistro&trade;\\u2019s unique calendar integration & attendee availability correlation capabilities incorporates this critical data into the overall time & activity information delivered into Tistro Cloud&trade;.<br>This enables reporting of the full scope of user activities & interactions within the enterprise.<\\/p>\\r\\n<p>DATA ENCRYPTION ENCRYPTED DATA SAMPLE<\\/p>\\r\\n<p>All Tistro&trade; data is encrypted at source, using Private Public Key Encryption (PPK).<\\/p>\"}}', '2017-10-24 07:49:01', '2017-10-24 07:49:01', '930268bf-1afc-4ac5-9fa5-963b3036c14c'),
 ('28', '16', '11', '1', 'en_us', '6', '', '{\"typeId\":null,\"authorId\":null,\"title\":\"About\",\"slug\":\"about\",\"postDate\":1508753689,\"expiryDate\":null,\"enabled\":1,\"parentId\":null,\"fields\":{\"1\":\"<p>Overview<\\/p>\\r\\n<p>Tistro&trade; delivers enterprise wide productivity reporting.&nbsp;<\\/p>\\r\\n<p>Tistro&trade; was founded to address the needs of business to truly understand the productivity & behavior within their user base, automating time management.<\\/p>\\r\\n<p align=\\\"center\\\">&lt;&gt;FEATURES<br>Key benefits to the user & the enterprise&lt;\\/p&gt;<\\/p>\\r\\n<p>CALENDAR INTEGRATION & CORRELATION<br>Tistro&trade;\\u2019s unique calendar integration & attendee availability correlation capabilities incorporates this critical data into the overall time & activity information delivered into Tistro Cloud&trade;.<br>This enables reporting of the full scope of user activities & interactions within the enterprise.<\\/p>\\r\\n<p>&nbsp;<\\/p>\\r\\n<p>EMPLOYEE EMPOWERMENT & PERFORMANCE MANAGEMENT<br>Tistro&trade; performance profiling allows line management and human resources departments to review users work performance and work loading on an ongoing basis to establish any behavior anomalies that could affect productivity.&nbsp;<br>This allows organization to managing employee\\u2019s wellbeing through identifying work life imbalances.<\\/p>\\r\\n<p>NEAR REAL-TIME USER ACTIVITY INTERPOLATION<br>Through interpolating a user\\u2019s work rate & what they are working on, Tistro&trade; can provide user productivity reporting.<\\/p>\\r\\n<p>AUTOMATED USER & CONTRACTOR TIME MANAGEMENT<br>In the project environment, Tistro&trade; allows for automatically generated timesheets.&nbsp;<br>These can be easily allocated to projects or activities through the Tistro Cloud&trade;.<br>For non-timesheet based users Tistro&trade; provides powerful, independent productivity reporting, assisting in performance reviews.<br>This process can save thousands of man hours, optimising the performance management process.<\\/p>\\r\\n<p>CALENDAR INTEGRATION & CORRELATION<br>Tistro&trade;\\u2019s unique calendar integration & attendee availability correlation capabilities incorporates this critical data into the overall time & activity information delivered into Tistro Cloud&trade;.<br>This enables reporting of the full scope of user activities & interactions within the enterprise.<\\/p>\\r\\n<p>DATA ENCRYPTION ENCRYPTED DATA SAMPLE<\\/p>\\r\\n<p>All Tistro&trade; data is encrypted at source, using Private Public Key Encryption (PPK).<\\/p>\"}}', '2017-10-24 07:49:58', '2017-10-24 07:49:58', '7ad5e55d-a549-4b4d-b098-6fedf30d0f46'),
 ('29', '16', '11', '1', 'en_us', '7', '', '{\"typeId\":null,\"authorId\":null,\"title\":\"About\",\"slug\":\"about\",\"postDate\":1508753689,\"expiryDate\":null,\"enabled\":1,\"parentId\":null,\"fields\":{\"1\":\"<p>Overview<\\/p>\\r\\n<p>Tistro&trade; delivers enterprise wide productivity reporting.&nbsp;<\\/p>\\r\\n<p>Tistro&trade; was founded to address the needs of business to truly understand the productivity & behavior within their user base, automating time management.<\\/p>\\r\\n<p align=\\\"center\\\">&lt;&gt;FEATURES<br>Key benefits to the user & the enterprise&lt;\\/p&gt;\\r\\n<p>CALENDAR INTEGRATION & CORRELATION<br>Tistro&trade;\\u2019s unique calendar integration & attendee availability correlation capabilities incorporates this critical data into the overall time & activity information delivered into Tistro Cloud&trade;.<br>This enables reporting of the full scope of user activities & interactions within the enterprise.<\\/p>\\r\\n<p>&nbsp;<\\/p>\\r\\n<p>EMPLOYEE EMPOWERMENT & PERFORMANCE MANAGEMENT<br>Tistro&trade; performance profiling allows line management and human resources departments to review users work performance and work loading on an ongoing basis to establish any behavior anomalies that could affect productivity.&nbsp;<br>This allows organization to managing employee\\u2019s wellbeing through identifying work life imbalances.<\\/p>\\r\\n<p>NEAR REAL-TIME USER ACTIVITY INTERPOLATION<br>Through interpolating a user\\u2019s work rate & what they are working on, Tistro&trade; can provide user productivity reporting.<\\/p>\\r\\n<p>AUTOMATED USER & CONTRACTOR TIME MANAGEMENT<br>In the project environment, Tistro&trade; allows for automatically generated timesheets.&nbsp;<br>These can be easily allocated to projects or activities through the Tistro Cloud&trade;.<br>For non-timesheet based users Tistro&trade; provides powerful, independent productivity reporting, assisting in performance reviews.<br>This process can save thousands of man hours, optimising the performance management process.<\\/p>\\r\\n<p>CALENDAR INTEGRATION & CORRELATION<br>Tistro&trade;\\u2019s unique calendar integration & attendee availability correlation capabilities incorporates this critical data into the overall time & activity information delivered into Tistro Cloud&trade;.<br>This enables reporting of the full scope of user activities & interactions within the enterprise.<\\/p>\\r\\n<p>DATA ENCRYPTION ENCRYPTED DATA SAMPLE<\\/p>\\r\\n<p>All Tistro&trade; data is encrypted at source, using Private Public Key Encryption (PPK).<\\/p>\"}}', '2017-10-24 07:51:41', '2017-10-24 07:51:41', 'f2d7821d-6eab-4976-a51e-fea826c7b653'),
 ('30', '16', '11', '1', 'en_us', '8', '', '{\"typeId\":null,\"authorId\":null,\"title\":\"About\",\"slug\":\"about\",\"postDate\":1508753689,\"expiryDate\":null,\"enabled\":1,\"parentId\":null,\"fields\":{\"1\":\"<p>Overview<\\/p>\\r\\n<p>Tistro&trade; delivers enterprise wide productivity reporting.&nbsp;<\\/p>\\r\\n<p>Tistro&trade; was founded to address the needs of business to truly understand the productivity & behavior within their user base, automating time management.<\\/p>\\r\\n<p align=\\\"center\\\">FEATURES<br>Key benefits to the user & the enterprise<\\/p>\\r\\n<p>CALENDAR INTEGRATION & CORRELATION<br>Tistro&trade;\\u2019s unique calendar integration & attendee availability correlation capabilities incorporates this critical data into the overall time & activity information delivered into Tistro Cloud&trade;.<br>This enables reporting of the full scope of user activities & interactions within the enterprise.<\\/p>\\r\\n<p>&nbsp;<\\/p>\\r\\n<p>EMPLOYEE EMPOWERMENT & PERFORMANCE MANAGEMENT<br>Tistro&trade; performance profiling allows line management and human resources departments to review users work performance and work loading on an ongoing basis to establish any behavior anomalies that could affect productivity.&nbsp;<br>This allows organization to managing employee\\u2019s wellbeing through identifying work life imbalances.<\\/p>\\r\\n<p>NEAR REAL-TIME USER ACTIVITY INTERPOLATION<br>Through interpolating a user\\u2019s work rate & what they are working on, Tistro&trade; can provide user productivity reporting.<\\/p>\\r\\n<p>AUTOMATED USER & CONTRACTOR TIME MANAGEMENT<br>In the project environment, Tistro&trade; allows for automatically generated timesheets.&nbsp;<br>These can be easily allocated to projects or activities through the Tistro Cloud&trade;.<br>For non-timesheet based users Tistro&trade; provides powerful, independent productivity reporting, assisting in performance reviews.<br>This process can save thousands of man hours, optimising the performance management process.<\\/p>\\r\\n<p>CALENDAR INTEGRATION & CORRELATION<br>Tistro&trade;\\u2019s unique calendar integration & attendee availability correlation capabilities incorporates this critical data into the overall time & activity information delivered into Tistro Cloud&trade;.<br>This enables reporting of the full scope of user activities & interactions within the enterprise.<\\/p>\\r\\n<p>DATA ENCRYPTION ENCRYPTED DATA SAMPLE<\\/p>\\r\\n<p>All Tistro&trade; data is encrypted at source, using Private Public Key Encryption (PPK).<\\/p>\"}}', '2017-10-24 07:51:52', '2017-10-24 07:51:52', 'c9af3a98-bb47-4536-a825-cd59a54a5334'),
 ('31', '16', '11', '1', 'en_us', '9', '', '{\"typeId\":null,\"authorId\":null,\"title\":\"About\",\"slug\":\"about\",\"postDate\":1508753689,\"expiryDate\":null,\"enabled\":1,\"parentId\":null,\"fields\":{\"1\":\"<p>Overview<\\/p>\\r\\n<p>Tistro&trade; delivers enterprise wide productivity reporting.&nbsp;<\\/p>\\r\\n<p>Tistro&trade; was founded to address the needs of business to truly understand the productivity & behavior within their user base, automating time management.<\\/p>\\r\\n<p align=\\\"center\\\">FEATURES<br>Key benefits to the user & the enterprise<\\/p>\\r\\n\\r\\n\\r\\n <div class=\\\"row pt-5\\\">\\r\\n            <div class=\\\"col-9 text-right\\\"><p>CALENDAR INTEGRATION & CORRELATION<br>Tistro&trade;\\u2019s unique calendar integration & attendee availability correlation capabilities incorporates this critical data into the overall time & activity information delivered into Tistro Cloud&trade;.<br>This enables reporting of the full scope of user activities & interactions within the enterprise.<\\/p>\\r\\n<p>&nbsp;<\\/p><\\/div<\\/div>\\r\\n\\r\\n <div class=\\\"row pt-5\\\">\\r\\n            <div class=\\\"col-9 text-right\\\"><p>EMPLOYEE EMPOWERMENT & PERFORMANCE MANAGEMENT<br>Tistro&trade; performance profiling allows line management and human resources departments to review users work performance and work loading on an ongoing basis to establish any behavior anomalies that could affect productivity.&nbsp;<br>This allows organization to managing employee\\u2019s wellbeing through identifying work life imbalances.<\\/p><\\/div><\\/div>\\r\\n\\r\\n<p>NEAR REAL-TIME USER ACTIVITY INTERPOLATION<br>Through interpolating a user\\u2019s work rate & what they are working on, Tistro&trade; can provide user productivity reporting.<\\/p>\\r\\n<p>AUTOMATED USER & CONTRACTOR TIME MANAGEMENT<br>In the project environment, Tistro&trade; allows for automatically generated timesheets.&nbsp;<br>These can be easily allocated to projects or activities through the Tistro Cloud&trade;.<br>For non-timesheet based users Tistro&trade; provides powerful, independent productivity reporting, assisting in performance reviews.<br>This process can save thousands of man hours, optimising the performance management process.<\\/p>\\r\\n<p>CALENDAR INTEGRATION & CORRELATION<br>Tistro&trade;\\u2019s unique calendar integration & attendee availability correlation capabilities incorporates this critical data into the overall time & activity information delivered into Tistro Cloud&trade;.<br>This enables reporting of the full scope of user activities & interactions within the enterprise.<\\/p>\\r\\n<p>DATA ENCRYPTION ENCRYPTED DATA SAMPLE<\\/p>\\r\\n<p>All Tistro&trade; data is encrypted at source, using Private Public Key Encryption (PPK).<\\/p>\"}}', '2017-10-24 07:54:41', '2017-10-24 07:54:41', '1c6a5a62-8550-4d93-ae23-c67ec3c1c99c'),
 ('32', '16', '11', '1', 'en_us', '10', '', '{\"typeId\":null,\"authorId\":null,\"title\":\"About\",\"slug\":\"about\",\"postDate\":1508753689,\"expiryDate\":null,\"enabled\":1,\"parentId\":null,\"fields\":{\"1\":\"<p>Overview<\\/p>\\r\\n<p>Tistro&trade; delivers enterprise wide productivity reporting.&nbsp;<\\/p>\\r\\n<p>Tistro&trade; was founded to address the needs of business to truly understand the productivity & behavior within their user base, automating time management.<\\/p>\\r\\n<p align=\\\"center\\\">FEATURES<br>Key benefits to the user & the enterprise<\\/p>\\r\\n<div class=\\\"row pt-5\\\">\\r\\n            <div class=\\\"col-3 text-left\\\"><p>CALENDAR INTEGRATION & CORRELATION<br>Tistro&trade;\\u2019s unique calendar integration & attendee availability correlation capabilities incorporates this critical data into the overall time & activity information delivered into Tistro Cloud&trade;.<br>This enables reporting of the full scope of user activities & interactions within the enterprise.<\\/p>\\r\\n<p>&nbsp;<\\/p><\\/div><\\/div>\\r\\n<div class=\\\"row pt-5\\\">\\r\\n            <div class=\\\"col-3 text-right\\\"><p>EMPLOYEE EMPOWERMENT & PERFORMANCE MANAGEMENT<br>Tistro&trade; performance profiling allows line management and human resources departments to review users work performance and work loading on an ongoing basis to establish any behavior anomalies that could affect productivity.&nbsp;<br>This allows organization to managing employee\\u2019s wellbeing through identifying work life imbalances.<\\/p><\\/div><\\/div>\\r\\n<p>NEAR REAL-TIME USER ACTIVITY INTERPOLATION<br>Through interpolating a user\\u2019s work rate & what they are working on, Tistro&trade; can provide user productivity reporting.<\\/p>\\r\\n<p>AUTOMATED USER & CONTRACTOR TIME MANAGEMENT<br>In the project environment, Tistro&trade; allows for automatically generated timesheets.&nbsp;<br>These can be easily allocated to projects or activities through the Tistro Cloud&trade;.<br>For non-timesheet based users Tistro&trade; provides powerful, independent productivity reporting, assisting in performance reviews.<br>This process can save thousands of man hours, optimising the performance management process.<\\/p>\\r\\n<p>CALENDAR INTEGRATION & CORRELATION<br>Tistro&trade;\\u2019s unique calendar integration & attendee availability correlation capabilities incorporates this critical data into the overall time & activity information delivered into Tistro Cloud&trade;.<br>This enables reporting of the full scope of user activities & interactions within the enterprise.<\\/p>\\r\\n<p>DATA ENCRYPTION ENCRYPTED DATA SAMPLE<\\/p>\\r\\n<p>All Tistro&trade; data is encrypted at source, using Private Public Key Encryption (PPK).<\\/p>\"}}', '2017-10-24 07:55:24', '2017-10-24 07:55:24', '667d42b1-ee08-40e8-b89b-f2190c14a95f'),
 ('33', '16', '11', '1', 'en_us', '11', '', '{\"typeId\":null,\"authorId\":null,\"title\":\"About\",\"slug\":\"about\",\"postDate\":1508753689,\"expiryDate\":null,\"enabled\":1,\"parentId\":null,\"fields\":{\"1\":\"<p>Overview<\\/p>\\r\\n<p>Tistro&trade; delivers enterprise wide productivity reporting.&nbsp;<\\/p>\\r\\n<p>Tistro&trade; was founded to address the needs of business to truly understand the productivity & behavior within their user base, automating time management.<\\/p>\\r\\n<p align=\\\"center\\\">FEATURES<br>Key benefits to the user & the enterprise<\\/p>\\r\\n\\r\\n<div class=\\\"col-12 col-md-7 col-lg-6 col-xl-5 m-auto text-left pt-5 pt-md-0\\\"><p>CALENDAR INTEGRATION & CORRELATION<br>Tistro&trade;\\u2019s unique calendar integration & attendee availability correlation capabilities incorporates this critical data into the overall time & activity information delivered into Tistro Cloud&trade;.<br>This enables reporting of the full scope of user activities & interactions within the enterprise.<\\/p>\\r\\n<p>&nbsp;<\\/p><\\/div>\\r\\n\\r\\n\\r\\n<h3 class=\\\"mt-4 mt-xl-5\\\"><p>EMPLOYEE EMPOWERMENT & PERFORMANCE MANAGEMENT<br>Tistro&trade; performance profiling allows line management and human resources departments to review users work performance and work loading on an ongoing basis to establish any behavior anomalies that could affect productivity.&nbsp;<br>This allows organization to managing employee\\u2019s wellbeing through identifying work life imbalances.<\\/p><\\/div>\\r\\n\\r\\n\\r\\n<h3 class=\\\"mt-4 mt-xl-5\\\"><p>NEAR REAL-TIME USER ACTIVITY INTERPOLATION<br>Through interpolating a user\\u2019s work rate & what they are working on, Tistro&trade; can provide user productivity reporting.<\\/p><\\/div>\\r\\n\\r\\n<p>AUTOMATED USER & CONTRACTOR TIME MANAGEMENT<br>In the project environment, Tistro&trade; allows for automatically generated timesheets.&nbsp;<br>These can be easily allocated to projects or activities through the Tistro Cloud&trade;.<br>For non-timesheet based users Tistro&trade; provides powerful, independent productivity reporting, assisting in performance reviews.<br>This process can save thousands of man hours, optimising the performance management process.<\\/p>\\r\\n<p>CALENDAR INTEGRATION & CORRELATION<br>Tistro&trade;\\u2019s unique calendar integration & attendee availability correlation capabilities incorporates this critical data into the overall time & activity information delivered into Tistro Cloud&trade;.<br>This enables reporting of the full scope of user activities & interactions within the enterprise.<\\/p>\\r\\n<p>DATA ENCRYPTION ENCRYPTED DATA SAMPLE<\\/p>\\r\\n<p>All Tistro&trade; data is encrypted at source, using Private Public Key Encryption (PPK).<\\/p>\"}}', '2017-10-24 08:01:15', '2017-10-24 08:01:15', 'ca6e20f5-2ed3-4913-9cf7-694ec567ec6a'),
 ('34', '16', '11', '1', 'en_us', '12', '', '{\"typeId\":null,\"authorId\":null,\"title\":\"About\",\"slug\":\"about\",\"postDate\":1508753689,\"expiryDate\":null,\"enabled\":1,\"parentId\":null,\"fields\":{\"1\":\"<p>Overview<\\/p>\\r\\n<p>Tistro&trade; delivers enterprise wide productivity reporting.&nbsp;<\\/p>\\r\\n<p>Tistro&trade; was founded to address the needs of business to truly understand the productivity & behavior within their user base, automating time management.<\\/p>\\r\\n<p align=\\\"center\\\">FEATURES<br>Key benefits to the user & the enterprise<\\/p>\\r\\n\\r\\n<div class=\\\"col-12 col-md-7 col-lg-6 col-xl-5 m-auto text-left pt-5 pt-md-0\\\"><p>CALENDAR INTEGRATION & CORRELATION<br>Tistro&trade;\\u2019s unique calendar integration & attendee availability correlation capabilities incorporates this critical data into the overall time & activity information delivered into Tistro Cloud&trade;.<br>This enables reporting of the full scope of user activities & interactions within the enterprise.<\\/p>\\r\\n<p>&nbsp;<\\/p><\\/div>\\r\\n<h3 class=\\\"mt-4 mt-xl-5\\\"><\\/h3>\\r\\n<p>EMPLOYEE EMPOWERMENT & PERFORMANCE MANAGEMENT<br>Tistro&trade; performance profiling allows line management and human resources departments to review users work performance and work loading on an ongoing basis to establish any behavior anomalies that could affect productivity.&nbsp;<br>This allows organization to managing employee\\u2019s wellbeing through identifying work life imbalances.<\\/p>\\r\\n<h3 class=\\\"mt-4 mt-xl-5\\\"><\\/h3>\\r\\n<p>NEAR REAL-TIME USER ACTIVITY INTERPOLATION<br>Through interpolating a user\\u2019s work rate & what they are working on, Tistro&trade; can provide user productivity reporting.<\\/p>\\r\\n<p>AUTOMATED USER & CONTRACTOR TIME MANAGEMENT<br>In the project environment, Tistro&trade; allows for automatically generated timesheets.&nbsp;<br>These can be easily allocated to projects or activities through the Tistro Cloud&trade;.<br>For non-timesheet based users Tistro&trade; provides powerful, independent productivity reporting, assisting in performance reviews.<br>This process can save thousands of man hours, optimising the performance management process.<\\/p>\\r\\n<p>CALENDAR INTEGRATION & CORRELATION<br>Tistro&trade;\\u2019s unique calendar integration & attendee availability correlation capabilities incorporates this critical data into the overall time & activity information delivered into Tistro Cloud&trade;.<br>This enables reporting of the full scope of user activities & interactions within the enterprise.<\\/p>\\r\\n<p>DATA ENCRYPTION ENCRYPTED DATA SAMPLE<\\/p>\\r\\n<p>All Tistro&trade; data is encrypted at source, using Private Public Key Encryption (PPK).<\\/p>\"}}', '2017-10-24 08:02:23', '2017-10-24 08:02:23', 'baac1e52-d327-4907-98d3-8b6faba529b9'),
 ('35', '16', '11', '1', 'en_us', '13', '', '{\"typeId\":null,\"authorId\":null,\"title\":\"About\",\"slug\":\"about\",\"postDate\":1508753689,\"expiryDate\":null,\"enabled\":1,\"parentId\":null,\"fields\":{\"1\":\"<p>Overview<\\/p>\\r\\n<p>Tistro&trade; delivers enterprise wide productivity reporting.&nbsp;<\\/p>\\r\\n<p>Tistro&trade; was founded to address the needs of business to truly understand the productivity & behavior within their user base, automating time management.<\\/p>\\r\\n<p align=\\\"center\\\">FEATURES<br>Key benefits to the user & the enterprise<\\/p>\\r\\n\\r\\n\\r\\n<div class=\\\"row text-left pt-5\\\">\\r\\n        <div class=\\\"col-12 col-md-6\\\"><p>CALENDAR INTEGRATION & CORRELATION<br>Tistro&trade;\\u2019s unique calendar integration & attendee availability correlation capabilities incorporates this critical data into the overall time & activity information delivered into Tistro Cloud&trade;.<br>This enables reporting of the full scope of user activities & interactions within the enterprise.<\\/p>\\r\\n<p>&nbsp;<\\/p><\\/div>\\r\\n\\r\\n\\r\\n<div class=\\\"col-12 col-md-6 pt-4 pt-md-0\\\"><p>EMPLOYEE EMPOWERMENT & PERFORMANCE MANAGEMENT<br>Tistro&trade; performance profiling allows line management and human resources departments to review users work performance and work loading on an ongoing basis to establish any behavior anomalies that could affect productivity.&nbsp;<br>This allows organization to managing employee\\u2019s wellbeing through identifying work life imbalances.<\\/p><\\/div>\\r\\n\\r\\n\\r\\n<div class=\\\"row text-left pt-5\\\">\\r\\n        <div class=\\\"col-12 col-md-6\\\">\\r\\n<p>NEAR REAL-TIME USER ACTIVITY INTERPOLATION<br>Through interpolating a user\\u2019s work rate & what they are working on, Tistro&trade; can provide user productivity reporting.<\\/p><di>\\r\\n\\r\\n<div class=\\\"col-12 col-md-6 pt-4 pt-md-0\\\">\\r\\n<p>AUTOMATED USER & CONTRACTOR TIME MANAGEMENT<br>In the project environment, Tistro&trade; allows for automatically generated timesheets.&nbsp;<br>These can be easily allocated to projects or activities through the Tistro Cloud&trade;.<br>For non-timesheet based users Tistro&trade; provides powerful, independent productivity reporting, assisting in performance reviews.<br>This process can save thousands of man hours, optimising the performance management process.<\\/p>\\r\\n<\\/div>\\r\\n\\r\\n<div class=\\\"row text-left pt-5\\\">\\r\\n        <div class=\\\"col-12 col-md-6\\\">\\r\\n<p>CALENDAR INTEGRATION & CORRELATION<br>Tistro&trade;\\u2019s unique calendar integration & attendee availability correlation capabilities incorporates this critical data into the overall time & activity information delivered into Tistro Cloud&trade;.<br>This enables reporting of the full scope of user activities & interactions within the enterprise.<\\/p>\\r\\n<p>DATA ENCRYPTION ENCRYPTED DATA SAMPLE<\\/p>\\r\\n<p>All Tistro&trade; data is encrypted at source, using Private Public Key Encryption (PPK).<\\/p><\\/div>\"}}', '2017-10-24 08:10:55', '2017-10-24 08:10:55', 'dbd6a22a-a2bf-44c1-b727-8df1d3baae48'),
 ('36', '16', '11', '1', 'en_us', '14', '', '{\"typeId\":null,\"authorId\":null,\"title\":\"About\",\"slug\":\"about\",\"postDate\":1508753689,\"expiryDate\":null,\"enabled\":1,\"parentId\":null,\"fields\":{\"1\":\"<p>Overview<\\/p>\\r\\n<p>Tistro&trade; delivers enterprise wide productivity reporting.&nbsp;<\\/p>\\r\\n<p>Tistro&trade; was founded to address the needs of business to truly understand the productivity & behavior within their user base, automating time management.<\\/p>\\r\\n<p align=\\\"center\\\">FEATURES<br>Key benefits to the user & the enterprise<\\/p>\\r\\n<div class=\\\"row text-left pt-5\\\">\\r\\n        <div class=\\\"col-12 col-md-6\\\"><p>CALENDAR INTEGRATION & CORRELATION<br>Tistro&trade;\\u2019s unique calendar integration & attendee availability correlation capabilities incorporates this critical data into the overall time & activity information delivered into Tistro Cloud&trade;.<br>This enables reporting of the full scope of user activities & interactions within the enterprise.<\\/p>\\r\\n<p>&nbsp;<\\/p><\\/div>\\r\\n<div class=\\\"col-12 col-md-6 pt-4 pt-md-0\\\"><p>EMPLOYEE EMPOWERMENT & PERFORMANCE MANAGEMENT<br>Tistro&trade; performance profiling allows line management and human resources departments to review users work performance and work loading on an ongoing basis to establish any behavior anomalies that could affect productivity.&nbsp;<br>This allows organization to managing employee\\u2019s wellbeing through identifying work life imbalances.<\\/p><\\/div>\\r\\n<div class=\\\"row text-left pt-5\\\">\\r\\n        <div class=\\\"col-12 col-md-6\\\">\\r\\n<p>NEAR REAL-TIME USER ACTIVITY INTERPOLATION<br>Through interpolating a user\\u2019s work rate & what they are working on, Tistro&trade; can provide user productivity reporting.<\\/p>\\r\\n<\\/div>\\r\\n<div class=\\\"col-12 col-md-6 pt-4 pt-md-0\\\">\\r\\n<p>AUTOMATED USER & CONTRACTOR TIME MANAGEMENT<br>In the project environment, Tistro&trade; allows for automatically generated timesheets.&nbsp;<br>These can be easily allocated to projects or activities through the Tistro Cloud&trade;.<br>For non-timesheet based users Tistro&trade; provides powerful, independent productivity reporting, assisting in performance reviews.<br>This process can save thousands of man hours, optimising the performance management process.<\\/p>\\r\\n<\\/div>\\r\\n<div class=\\\"row text-left pt-5\\\">\\r\\n        <div class=\\\"col-12 col-md-6\\\">\\r\\n<p>CALENDAR INTEGRATION & CORRELATION<br>Tistro&trade;\\u2019s unique calendar integration & attendee availability correlation capabilities incorporates this critical data into the overall time & activity information delivered into Tistro Cloud&trade;.<br>This enables reporting of the full scope of user activities & interactions within the enterprise.<\\/p><div>\\r\\n\\r\\n\\r\\n<div class=\\\"col-12 col-md-6 pt-4 pt-md-0\\\"><p>DATA ENCRYPTION ENCRYPTED DATA SAMPLE<\\/p>\\r\\n<p>All Tistro&trade; data is encrypted at source, using Private Public Key Encryption (PPK).<\\/p><\\/div><\\/div><\\/div><\\/div><\\/div>\"}}', '2017-10-24 08:14:00', '2017-10-24 08:14:00', '984852a4-7159-4f3d-b970-52760f644c4a'),
 ('37', '16', '11', '1', 'en_us', '15', '', '{\"typeId\":null,\"authorId\":null,\"title\":\"About\",\"slug\":\"about\",\"postDate\":1508753689,\"expiryDate\":null,\"enabled\":1,\"parentId\":null,\"fields\":{\"1\":\"<p>Overview<\\/p>\\r\\n<p>Tistro&trade; delivers enterprise wide productivity reporting.&nbsp;<\\/p>\\r\\n<p>Tistro&trade; was founded to address the needs of business to truly understand the productivity & behavior within their user base, automating time management.<\\/p>\\r\\n<p align=\\\"center\\\">FEATURES<br>Key benefits to the user & the enterprise<\\/p>\\r\\n<div class=\\\"row text-left pt-5\\\">\\r\\n        <div class=\\\"col-12 col-md-6\\\"><p>CALENDAR INTEGRATION & CORRELATION<br>Tistro&trade;\\u2019s unique calendar integration & attendee availability correlation capabilities incorporates this critical data into the overall time & activity information delivered into Tistro Cloud&trade;.<br>This enables reporting of the full scope of user activities & interactions within the enterprise.<\\/p>\\r\\n<p>&nbsp;<\\/p><\\/div>\\r\\n<div class=\\\"col-12 col-md-6 pt-4 pt-md-0\\\"><p>EMPLOYEE EMPOWERMENT & PERFORMANCE MANAGEMENT<br>Tistro&trade; performance profiling allows line management and human resources departments to review users work performance and work loading on an ongoing basis to establish any behavior anomalies that could affect productivity.&nbsp;<br>This allows organization to managing employee\\u2019s wellbeing through identifying work life imbalances.<\\/p><\\/div>\\r\\n<div class=\\\"row text-left pt-5\\\">\\r\\n        <div class=\\\"col-12 col-md-6\\\">\\r\\n<p>NEAR REAL-TIME USER ACTIVITY INTERPOLATION<br>Through interpolating a user\\u2019s work rate & what they are working on, Tistro&trade; can provide user productivity reporting.<\\/p>\\r\\n<\\/div>\\r\\n<div class=\\\"col-12 col-md-6 pt-4 pt-md-0\\\">\\r\\n<p>AUTOMATED USER & CONTRACTOR TIME MANAGEMENT<br>In the project environment, Tistro&trade; allows for automatically generated timesheets.&nbsp;<br>These can be easily allocated to projects or activities through the Tistro Cloud&trade;.<br>For non-timesheet based users Tistro&trade; provides powerful, independent productivity reporting, assisting in performance reviews.<br>This process can save thousands of man hours, optimising the performance management process.<\\/p>\\r\\n<\\/div>\\r\\n<div class=\\\"row text-left pt-5\\\">\\r\\n        <div class=\\\"col-12 col-md-6\\\">\\r\\n<p>CALENDAR INTEGRATION & CORRELATION<br>Tistro&trade;\\u2019s unique calendar integration & attendee availability correlation capabilities incorporates this critical data into the overall time & activity information delivered into Tistro Cloud&trade;.<br>This enables reporting of the full scope of user activities & interactions within the enterprise.<\\/p><div>\\r\\n<div class=\\\"col-12 col-md-6 pt-4 pt-md-0\\\"><p>DATA ENCRYPTION ENCRYPTED DATA SAMPLE<\\/p>\\r\\n<p>All Tistro&trade; data is encrypted at source, using Private Public Key Encryption (PPK).<\\/p><\\/div><\\/div><\\/div><\\/div><\\/div><\\/div>\"}}', '2017-10-24 08:14:03', '2017-10-24 08:14:03', '68fdd491-ce57-4345-8613-97677cfbf861'),
 ('38', '16', '11', '1', 'en_us', '16', '', '{\"typeId\":null,\"authorId\":null,\"title\":\"About\",\"slug\":\"about\",\"postDate\":1508753689,\"expiryDate\":null,\"enabled\":1,\"parentId\":null,\"fields\":{\"1\":\"<p>Overview<\\/p>\\r\\n<p>Tistro&trade; delivers enterprise wide productivity reporting.&nbsp;<\\/p>\\r\\n<p>Tistro&trade; was founded to address the needs of business to truly understand the productivity & behavior within their user base, automating time management.<\\/p>\\r\\n<p align=\\\"center\\\">FEATURES<br>Key benefits to the user & the enterprise<\\/p>\\r\\n<div class=\\\"row text-left pt-5\\\">\\r\\n        <div class=\\\"col-12 col-md-6\\\"><p>CALENDAR INTEGRATION & CORRELATION<br>Tistro&trade;\\u2019s unique calendar integration & attendee availability correlation capabilities incorporates this critical data into the overall time & activity information delivered into Tistro Cloud&trade;.<br>This enables reporting of the full scope of user activities & interactions within the enterprise.<\\/p>\\r\\n<p>&nbsp;<\\/p><\\/div>\\r\\n<div class=\\\"col-12 col-md-6 pt-4 pt-md-0\\\"><p>EMPLOYEE EMPOWERMENT & PERFORMANCE MANAGEMENT<br>Tistro&trade; performance profiling allows line management and human resources departments to review users work performance and work loading on an ongoing basis to establish any behavior anomalies that could affect productivity.&nbsp;<br>This allows organization to managing employee\\u2019s wellbeing through identifying work life imbalances.<\\/p><\\/div>\\r\\n<div class=\\\"row text-left pt-5\\\">\\r\\n        <div class=\\\"col-12 col-md-6\\\">\\r\\n<p>NEAR REAL-TIME USER ACTIVITY INTERPOLATION<br>Through interpolating a user\\u2019s work rate & what they are working on, Tistro&trade; can provide user productivity reporting.<\\/p>\\r\\n<\\/div>\\r\\n<div class=\\\"col-12 col-md-6 pt-4 pt-md-0\\\">\\r\\n<p>AUTOMATED USER & CONTRACTOR TIME MANAGEMENT<br>In the project environment, Tistro&trade; allows for automatically generated timesheets.&nbsp;<br>These can be easily allocated to projects or activities through the Tistro Cloud&trade;.<br>For non-timesheet based users Tistro&trade; provides powerful, independent productivity reporting, assisting in performance reviews.<br>This process can save thousands of man hours, optimising the performance management process.<\\/p>\\r\\n<\\/div>\\r\\n<div class=\\\"row text-left pt-5\\\">\\r\\n        <div class=\\\"col-12 col-md-6\\\">\\r\\n<p>CALENDAR INTEGRATION & CORRELATION<br>Tistro&trade;\\u2019s unique calendar integration & attendee availability correlation capabilities incorporates this critical data into the overall time & activity information delivered into Tistro Cloud&trade;.<br>This enables reporting of the full scope of user activities & interactions within the enterprise.<\\/p><\\/div>\\r\\n<div class=\\\"col-12 col-md-6 pt-4 pt-md-0\\\"><p>DATA ENCRYPTION ENCRYPTED<\\/p>\\r\\n<p>All Tistro&trade; data is encrypted at source, using Private Public Key Encryption (PPK).<\\/p><\\/div><\\/div><\\/div><\\/div><\\/div><\\/div>\"}}', '2017-10-24 08:14:54', '2017-10-24 08:14:54', '7cf79146-7894-4514-bd13-d029a0a262a5'),
 ('39', '16', '11', '1', 'en_us', '17', '', '{\"typeId\":null,\"authorId\":null,\"title\":\"About\",\"slug\":\"about\",\"postDate\":1508753689,\"expiryDate\":null,\"enabled\":1,\"parentId\":null,\"fields\":{\"1\":\"<p>Overview<\\/p>\\r\\n<p>Tistro&trade; delivers enterprise wide productivity reporting.&nbsp;<\\/p>\\r\\n<p>Tistro&trade; was founded to address the needs of business to truly understand the productivity & behavior within their user base, automating time management.<\\/p>\\r\\n<p align=\\\"center\\\">FEATURES<br>Key benefits to the user & the enterprise<\\/p>\\r\\n<div class=\\\"row text-left pt-5\\\">\\r\\n        <div class=\\\"col-12 col-md-6\\\"><p>CALENDAR INTEGRATION & CORRELATION<br>Tistro&trade;\\u2019s unique calendar integration & attendee availability correlation capabilities incorporates this critical data into the overall time & activity information delivered into Tistro Cloud&trade;.<br>This enables reporting of the full scope of user activities & interactions within the enterprise.<\\/p>\\r\\n<p>&nbsp;<\\/p><\\/div>\\r\\n<div class=\\\"col-12 col-md-6 pt-4 pt-md-0\\\"><p>EMPLOYEE EMPOWERMENT & PERFORMANCE MANAGEMENT<br>Tistro&trade; performance profiling allows line management and human resources departments to review users work performance and work loading on an ongoing basis to establish any behavior anomalies that could affect productivity.&nbsp;<br>This allows organization to managing employee\\u2019s wellbeing through identifying work life imbalances.<\\/p><\\/div>\\r\\n<div class=\\\"row text-left pt-5\\\">\\r\\n        <div class=\\\"col-12 col-md-6\\\">\\r\\n<p>NEAR REAL-TIME USER ACTIVITY INTERPOLATION<br>Through interpolating a user\\u2019s work rate & what they are working on, Tistro&trade; can provide user productivity reporting.<\\/p>\\r\\n<\\/div>\\r\\n<div class=\\\"col-12 col-md-6 pt-4 pt-md-0\\\">\\r\\n<p>AUTOMATED USER & CONTRACTOR TIME MANAGEMENT<br>In the project environment, Tistro&trade; allows for automatically generated timesheets.&nbsp;<br>These can be easily allocated to projects or activities through the Tistro Cloud&trade;.<br>For non-timesheet based users Tistro&trade; provides powerful, independent productivity reporting, assisting in performance reviews.<br>This process can save thousands of man hours, optimising the performance management process.<\\/p>\\r\\n<\\/div>\\r\\n<div class=\\\"row text-left pt-5\\\">\\r\\n        <div class=\\\"col-12 col-md-6\\\">\\r\\n<p>CALENDAR INTEGRATION & CORRELATION<br>Tistro&trade;\\u2019s unique calendar integration & attendee availability correlation capabilities incorporates this critical data into the overall time & activity information delivered into Tistro Cloud&trade;.<br>This enables reporting of the full scope of user activities & interactions within the enterprise.<\\/p><\\/div>\\r\\n<div class=\\\"col-12 col-md-6 pt-4 pt-md-0\\\"><p>DATA ENCRYPTION ENCRYPTED<\\/p>\\r\\n<p>All Tistro&trade; data is encrypted at source, using Private Public Key Encryption (PPK).<\\/p><\\/div><\\/div><\\/div><\\/div>\"}}', '2017-10-24 08:14:57', '2017-10-24 08:14:57', '0f5ecb11-20e4-40e3-99b9-78d7fe07dc76'),
 ('40', '16', '11', '1', 'en_us', '18', '', '{\"typeId\":null,\"authorId\":null,\"title\":\"About\",\"slug\":\"about\",\"postDate\":1508753689,\"expiryDate\":null,\"enabled\":1,\"parentId\":null,\"fields\":{\"1\":\"<p align=\\\"center\\\"><b><h3>Overview<\\/p>\\r\\n<p>Tistro&trade; delivers enterprise wide productivity reporting.&nbsp;<\\/p>\\r\\n<p>Tistro&trade; was founded to address the needs of business to truly understand the productivity & behavior within their user base, automating time management.<\\/p>\\r\\n\\r\\n<p align=\\\"center\\\"><h1><b>FEATURES<\\/h1><\\/b><br><\\/b>Key benefits to the user & the enterprise<\\/p>\\r\\n\\r\\n<div class=\\\"row text-left pt-5\\\">\\r\\n        <div class=\\\"col-12 col-md-6\\\"><p><b><h3>CALENDAR INTEGRATION & CORRELATION<\\/b><br>Tistro&trade;\\u2019s unique calendar integration & attendee availability correlation capabilities incorporates this critical data into the overall time & activity information delivered into Tistro Cloud&trade;.<br>This enables reporting of the full scope of user activities & interactions within the enterprise.<\\/p>\\r\\n<p>&nbsp;<\\/p><\\/div>\\r\\n\\r\\n\\r\\n<div class=\\\"col-12 col-md-6 pt-4 pt-md-0\\\"><p><h3><b>EMPLOYEE EMPOWERMENT & PERFORMANCE MANAGEMENT<\\/h3><\\/b><br>Tistro&trade; performance profiling allows line management and human resources departments to review users work performance and work loading on an ongoing basis to establish any behavior anomalies that could affect productivity.&nbsp;<br>This allows organization to managing employee\\u2019s wellbeing through identifying work life imbalances.<\\/p><\\/div>\\r\\n<div class=\\\"row text-left pt-5\\\">\\r\\n        <div class=\\\"col-12 col-md-6\\\">\\r\\n<p><b><h3>NEAR REAL-TIME USER ACTIVITY INTERPOLATION<\\/h3><\\/b><br>Through interpolating a user\\u2019s work rate & what they are working on, Tistro&trade; can provide user productivity reporting.<\\/p>\\r\\n<\\/div>\\r\\n\\r\\n\\r\\n<div class=\\\"col-12 col-md-6 pt-4 pt-md-0\\\">\\r\\n<p><b><h3>AUTOMATED USER & CONTRACTOR TIME MANAGEMENT<\\/h3><\\/b><br>In the project environment, Tistro&trade; allows for automatically generated timesheets.&nbsp;<br>These can be easily allocated to projects or activities through the Tistro Cloud&trade;.<br>For non-timesheet based users Tistro&trade; provides powerful, independent productivity reporting, assisting in performance reviews.<br>This process can save thousands of man hours, optimising the performance management process.<\\/p>\\r\\n<\\/div>\\r\\n\\r\\n<div class=\\\"row text-left pt-5\\\">\\r\\n        <div class=\\\"col-12 col-md-6\\\">\\r\\n<p><b><h3>CALENDAR INTEGRATION & CORRELATION<\\/h3><\\/b><br>Tistro&trade;\\u2019s unique calendar integration & attendee availability correlation capabilities incorporates this critical data into the overall time & activity information delivered into Tistro Cloud&trade;.<br>This enables reporting of the full scope of user activities & interactions within the enterprise.<\\/p><\\/div>\\r\\n<div class=\\\"col-12 col-md-6 pt-4 pt-md-0\\\"><p><b><h3>DATA ENCRYPTION ENCRYPTED<\\/h3><\\/b><\\/p>\\r\\n<p>All Tistro&trade; data is encrypted at source, using Private Public Key Encryption (PPK).<\\/p><\\/div><\\/div><\\/div><\\/div>\"}}', '2017-10-24 08:27:43', '2017-10-24 08:27:43', '4dc5eb9a-ad9b-44cc-8dbd-69967ecde2ed'),
 ('41', '16', '11', '1', 'en_us', '19', '', '{\"typeId\":null,\"authorId\":null,\"title\":\"About\",\"slug\":\"about\",\"postDate\":1508753689,\"expiryDate\":null,\"enabled\":1,\"parentId\":null,\"fields\":{\"1\":\"<p align=\\\"center\\\"><\\/p>\\r\\n<h3><strong>Overview<\\/strong><\\/h3>\\r\\n<p>Tistro&trade; delivers enterprise wide productivity reporting.&nbsp;<\\/p>\\r\\n<p>Tistro&trade; was founded to address the needs of business to truly understand the productivity & behavior within their user base, automating time management.<\\/p>\\r\\n<p align=\\\"center\\\"><\\/p>\\r\\n<h1><strong>FEATURES<\\/strong><\\/h1>\\r\\n<p>Key benefits to the user & the enterprise<\\/p>\\r\\n<div class=\\\"row text-left pt-5\\\">\\r\\n        <div class=\\\"col-12 col-md-6\\\"><p><\\/p><h3><strong>CALENDAR INTEGRATION & CORRELATION<\\/strong><\\/h3><br>Tistro&trade;\\u2019s unique calendar integration & attendee availability correlation capabilities incorporates this critical data into the overall time & activity information delivered into Tistro Cloud&trade;.<br>This enables reporting of the full scope of user activities & interactions within the enterprise.\\r\\n<p>&nbsp;<\\/p><\\/div>\\r\\n<div class=\\\"col-12 col-md-6 pt-4 pt-md-0\\\"><h3><strong>EMPLOYEE EMPOWERMENT & PERFORMANCE MANAGEMENT<\\/strong><\\/h3><br>Tistro&trade; performance profiling allows line management and human resources departments to review users work performance and work loading on an ongoing basis to establish any behavior anomalies that could affect productivity.&nbsp;<br>This allows organization to managing employee\\u2019s wellbeing through identifying work life imbalances.<\\/div>\\r\\n<div class=\\\"row text-left pt-5\\\">\\r\\n        <div class=\\\"col-12 col-md-6\\\">\\r\\n<p><\\/p><h3><strong>NEAR REAL-TIME USER ACTIVITY INTERPOLATION<\\/strong><\\/h3><br>Through interpolating a user\\u2019s work rate & what they are working on, Tistro&trade; can provide user productivity reporting.\\r\\n<\\/div>\\r\\n<div class=\\\"col-12 col-md-6 pt-4 pt-md-0\\\">\\r\\n<p><\\/p><h3><strong>AUTOMATED USER & CONTRACTOR TIME MANAGEMENT<\\/strong><\\/h3><br>In the project environment, Tistro&trade; allows for automatically generated timesheets.&nbsp;<br>These can be easily allocated to projects or activities through the Tistro Cloud&trade;.<br>For non-timesheet based users Tistro&trade; provides powerful, independent productivity reporting, assisting in performance reviews.<br>This process can save thousands of man hours, optimising the performance management process.\\r\\n<\\/div>\\r\\n<div class=\\\"row text-left pt-5\\\">\\r\\n        <div class=\\\"col-12 col-md-6\\\">\\r\\n<p><\\/p><h3><strong>CALENDAR INTEGRATION & CORRELATION<\\/strong><\\/h3><br>Tistro&trade;\\u2019s unique calendar integration & attendee availability correlation capabilities incorporates this critical data into the overall time & activity information delivered into Tistro Cloud&trade;.<br>This enables reporting of the full scope of user activities & interactions within the enterprise.<\\/div>\\r\\n<div class=\\\"col-12 col-md-6 pt-4 pt-md-0\\\"><p><\\/p><h3><strong>DATA ENCRYPTION ENCRYPTED<\\/strong><\\/h3>\\r\\n<p>All Tistro&trade; data is encrypted at source, using Private Public Key Encryption (PPK).<\\/p><\\/div><\\/div><\\/div><\\/div>\"}}', '2017-10-24 08:28:04', '2017-10-24 08:28:04', 'e72fd55a-f7c1-4501-91bd-cd3d1e5622e2'),
 ('42', '16', '11', '1', 'en_us', '20', '', '{\"typeId\":null,\"authorId\":null,\"title\":\"About\",\"slug\":\"about\",\"postDate\":1508753689,\"expiryDate\":null,\"enabled\":1,\"parentId\":null,\"fields\":{\"1\":\"<h3><strong><p align=\\\"center\\\">\\r\\nOverview<\\/strong><\\/h3>\\r\\n<p>Tistro&trade; delivers enterprise wide productivity reporting.&nbsp;<\\/p>\\r\\n<p>Tistro&trade; was founded to address the needs of business to truly understand the productivity & behavior within their user base, automating time management.<\\/p>\\r\\n\\r\\n<h1><strong><p align=\\\"center\\\">FEATURES<\\/strong><\\/h1>\\r\\n<p>Key benefits to the user & the enterprise<\\/p>\\r\\n<div class=\\\"row text-left pt-5\\\">\\r\\n        <div class=\\\"col-12 col-md-6\\\"><h3><strong>CALENDAR INTEGRATION & CORRELATION<\\/strong><\\/h3><br>Tistro&trade;\\u2019s unique calendar integration & attendee availability correlation capabilities incorporates this critical data into the overall time & activity information delivered into Tistro Cloud&trade;.<br>This enables reporting of the full scope of user activities & interactions within the enterprise.\\r\\n<p>&nbsp;<\\/p><\\/div>\\r\\n<div class=\\\"col-12 col-md-6 pt-4 pt-md-0\\\"><h3><strong>EMPLOYEE EMPOWERMENT & PERFORMANCE MANAGEMENT<\\/strong><\\/h3><br>Tistro&trade; performance profiling allows line management and human resources departments to review users work performance and work loading on an ongoing basis to establish any behavior anomalies that could affect productivity.&nbsp;<br>This allows organization to managing employee\\u2019s wellbeing through identifying work life imbalances.<\\/div>\\r\\n<div class=\\\"row text-left pt-5\\\">\\r\\n        <div class=\\\"col-12 col-md-6\\\">\\r\\n<h3><strong>NEAR REAL-TIME USER ACTIVITY INTERPOLATION<\\/strong><\\/h3><br>Through interpolating a user\\u2019s work rate & what they are working on, Tistro&trade; can provide user productivity reporting.\\r\\n<\\/div>\\r\\n<div class=\\\"col-12 col-md-6 pt-4 pt-md-0\\\">\\r\\n<h3><strong>AUTOMATED USER & CONTRACTOR TIME MANAGEMENT<\\/strong><\\/h3><br>In the project environment, Tistro&trade; allows for automatically generated timesheets.&nbsp;<br>These can be easily allocated to projects or activities through the Tistro Cloud&trade;.<br>For non-timesheet based users Tistro&trade; provides powerful, independent productivity reporting, assisting in performance reviews.<br>This process can save thousands of man hours, optimising the performance management process.\\r\\n<\\/div>\\r\\n<div class=\\\"row text-left pt-5\\\">\\r\\n        <div class=\\\"col-12 col-md-6\\\">\\r\\n<h3><strong>CALENDAR INTEGRATION & CORRELATION<\\/strong><\\/h3><br>Tistro&trade;\\u2019s unique calendar integration & attendee availability correlation capabilities incorporates this critical data into the overall time & activity information delivered into Tistro Cloud&trade;.<br>This enables reporting of the full scope of user activities & interactions within the enterprise.<\\/div>\\r\\n<div class=\\\"col-12 col-md-6 pt-4 pt-md-0\\\"><h3><strong>DATA ENCRYPTION ENCRYPTED<\\/strong><\\/h3>\\r\\n<p>All Tistro&trade; data is encrypted at source, using Private Public Key Encryption (PPK).<\\/p><\\/div><\\/div><\\/div><\\/div>\"}}', '2017-10-24 08:33:16', '2017-10-24 08:33:16', 'c1231436-4767-4e6c-90c9-35b673950548'),
 ('43', '16', '11', '1', 'en_us', '21', '', '{\"typeId\":null,\"authorId\":null,\"title\":\"About\",\"slug\":\"about\",\"postDate\":1508753689,\"expiryDate\":null,\"enabled\":1,\"parentId\":null,\"fields\":{\"1\":\"<h1>\\r\\n<p align=\\\"center\\\">\\r\\nOverview<\\/h1><\\/p>\\r\\n<p>Tistro&trade; delivers enterprise wide productivity reporting.&nbsp;<\\/p>\\r\\n<p>Tistro&trade; was founded to address the needs of business to truly understand the productivity & behavior within their user base, automating time management.<\\/p>\\r\\n<h1>\\r\\n<p align=\\\"center\\\">FEATURES<\\/h1><\\/p>\\r\\n<p>Key benefits to the user & the enterprise<\\/p>\\r\\n<div class=\\\"row text-left pt-5\\\">\\r\\n        <div class=\\\"col-12 col-md-6\\\"><h3><strong>CALENDAR INTEGRATION & CORRELATION<\\/strong><\\/h3><br>Tistro&trade;\\u2019s unique calendar integration & attendee availability correlation capabilities incorporates this critical data into the overall time & activity information delivered into Tistro Cloud&trade;.<br>This enables reporting of the full scope of user activities & interactions within the enterprise.\\r\\n<p>&nbsp;<\\/p><\\/div>\\r\\n<div class=\\\"col-12 col-md-6 pt-4 pt-md-0\\\"><h3><strong>EMPLOYEE EMPOWERMENT & PERFORMANCE MANAGEMENT<\\/strong><\\/h3><br>Tistro&trade; performance profiling allows line management and human resources departments to review users work performance and work loading on an ongoing basis to establish any behavior anomalies that could affect productivity.&nbsp;<br>This allows organization to managing employee\\u2019s wellbeing through identifying work life imbalances.<\\/div>\\r\\n<div class=\\\"row text-left pt-5\\\">\\r\\n        <div class=\\\"col-12 col-md-6\\\">\\r\\n<h3><strong>NEAR REAL-TIME USER ACTIVITY INTERPOLATION<\\/strong><\\/h3><br>Through interpolating a user\\u2019s work rate & what they are working on, Tistro&trade; can provide user productivity reporting.\\r\\n<\\/div>\\r\\n<div class=\\\"col-12 col-md-6 pt-4 pt-md-0\\\">\\r\\n<h3><strong>AUTOMATED USER & CONTRACTOR TIME MANAGEMENT<\\/strong><\\/h3><br>In the project environment, Tistro&trade; allows for automatically generated timesheets.&nbsp;<br>These can be easily allocated to projects or activities through the Tistro Cloud&trade;.<br>For non-timesheet based users Tistro&trade; provides powerful, independent productivity reporting, assisting in performance reviews.<br>This process can save thousands of man hours, optimising the performance management process.\\r\\n<\\/div>\\r\\n<div class=\\\"row text-left pt-5\\\">\\r\\n        <div class=\\\"col-12 col-md-6\\\">\\r\\n<h3><strong>CALENDAR INTEGRATION & CORRELATION<\\/strong><\\/h3><br>Tistro&trade;\\u2019s unique calendar integration & attendee availability correlation capabilities incorporates this critical data into the overall time & activity information delivered into Tistro Cloud&trade;.<br>This enables reporting of the full scope of user activities & interactions within the enterprise.<\\/div>\\r\\n<div class=\\\"col-12 col-md-6 pt-4 pt-md-0\\\"><h3><strong>DATA ENCRYPTION ENCRYPTED<\\/strong><\\/h3>\\r\\n<p>All Tistro&trade; data is encrypted at source, using Private Public Key Encryption (PPK).<\\/p><\\/div><\\/div><\\/div><\\/div>\"}}', '2017-10-24 08:36:08', '2017-10-24 08:36:08', '75cf48a4-6a26-4519-953d-d542bee3e090'),
 ('44', '16', '11', '1', 'en_us', '22', '', '{\"typeId\":null,\"authorId\":null,\"title\":\"About\",\"slug\":\"about\",\"postDate\":1508753689,\"expiryDate\":null,\"enabled\":1,\"parentId\":null,\"fields\":{\"1\":\"<h1>\\r\\n<\\/h1>\\r\\n<p align=\\\"center\\\"><strong>\\r\\nOverview<\\/strong><\\/p>\\r\\n<p>Tistro&trade; delivers enterprise wide productivity reporting.&nbsp;<\\/p>\\r\\n<p>Tistro&trade; was founded to address the needs of business to truly understand the productivity & behavior within their user base, automating time management.<\\/p>\\r\\n<h1>\\r\\n<\\/h1>\\r\\n<p align=\\\"center\\\"><strong>FEATURES<\\/strong><\\/p>\\r\\n<p>Key benefits to the user & the enterprise<\\/p>\\r\\n<div class=\\\"row text-left pt-5\\\">\\r\\n        <div class=\\\"col-12 col-md-6\\\"><h3><strong>CALENDAR INTEGRATION & CORRELATION<\\/strong><\\/h3><br>Tistro&trade;\\u2019s unique calendar integration & attendee availability correlation capabilities incorporates this critical data into the overall time & activity information delivered into Tistro Cloud&trade;.<br>This enables reporting of the full scope of user activities & interactions within the enterprise.\\r\\n<p>&nbsp;<\\/p><\\/div>\\r\\n<div class=\\\"col-12 col-md-6 pt-4 pt-md-0\\\"><h3><strong>EMPLOYEE EMPOWERMENT & PERFORMANCE MANAGEMENT<\\/strong><\\/h3><br>Tistro&trade; performance profiling allows line management and human resources departments to review users work performance and work loading on an ongoing basis to establish any behavior anomalies that could affect productivity.&nbsp;<br>This allows organization to managing employee\\u2019s wellbeing through identifying work life imbalances.<\\/div>\\r\\n<div class=\\\"row text-left pt-5\\\">\\r\\n        <div class=\\\"col-12 col-md-6\\\">\\r\\n<h3><strong>NEAR REAL-TIME USER ACTIVITY INTERPOLATION<\\/strong><\\/h3><br>Through interpolating a user\\u2019s work rate & what they are working on, Tistro&trade; can provide user productivity reporting.\\r\\n<\\/div>\\r\\n<div class=\\\"col-12 col-md-6 pt-4 pt-md-0\\\">\\r\\n<h3><strong>AUTOMATED USER & CONTRACTOR TIME MANAGEMENT<\\/strong><\\/h3><br>In the project environment, Tistro&trade; allows for automatically generated timesheets.&nbsp;<br>These can be easily allocated to projects or activities through the Tistro Cloud&trade;.<br>For non-timesheet based users Tistro&trade; provides powerful, independent productivity reporting, assisting in performance reviews.<br>This process can save thousands of man hours, optimising the performance management process.\\r\\n<\\/div>\\r\\n<div class=\\\"row text-left pt-5\\\">\\r\\n        <div class=\\\"col-12 col-md-6\\\">\\r\\n<h3><strong>CALENDAR INTEGRATION & CORRELATION<\\/strong><\\/h3><br>Tistro&trade;\\u2019s unique calendar integration & attendee availability correlation capabilities incorporates this critical data into the overall time & activity information delivered into Tistro Cloud&trade;.<br>This enables reporting of the full scope of user activities & interactions within the enterprise.<\\/div>\\r\\n<div class=\\\"col-12 col-md-6 pt-4 pt-md-0\\\"><h3><strong>DATA ENCRYPTION ENCRYPTED<\\/strong><\\/h3>\\r\\n<p>All Tistro&trade; data is encrypted at source, using Private Public Key Encryption (PPK).<\\/p><\\/div><\\/div><\\/div><\\/div>\"}}', '2017-10-24 08:36:22', '2017-10-24 08:36:22', 'e0968c8d-1709-493e-8591-bb80545709cb'),
 ('45', '16', '11', '1', 'en_us', '23', '', '{\"typeId\":null,\"authorId\":null,\"title\":\"About\",\"slug\":\"about\",\"postDate\":1508753689,\"expiryDate\":null,\"enabled\":1,\"parentId\":null,\"fields\":{\"1\":\"\\r\\n<div class=\\\"row text-left pt-5\\\">\\r\\n        <div class=\\\"col-12 col-md-6\\\"><h3><strong>CALENDAR INTEGRATION & CORRELATION<\\/strong><\\/h3><br>Tistro&trade;\\u2019s unique calendar integration & attendee availability correlation capabilities incorporates this critical data into the overall time & activity information delivered into Tistro Cloud&trade;.<br>This enables reporting of the full scope of user activities & interactions within the enterprise.\\r\\n<p>&nbsp;<\\/p><\\/div>\\r\\n<div class=\\\"col-12 col-md-6 pt-4 pt-md-0\\\"><h3><strong>EMPLOYEE EMPOWERMENT & PERFORMANCE MANAGEMENT<\\/strong><\\/h3><br>Tistro&trade; performance profiling allows line management and human resources departments to review users work performance and work loading on an ongoing basis to establish any behavior anomalies that could affect productivity.&nbsp;<br>This allows organization to managing employee\\u2019s wellbeing through identifying work life imbalances.<\\/div>\\r\\n<div class=\\\"row text-left pt-5\\\">\\r\\n        <div class=\\\"col-12 col-md-6\\\">\\r\\n<h3><strong>NEAR REAL-TIME USER ACTIVITY INTERPOLATION<\\/strong><\\/h3><br>Through interpolating a user\\u2019s work rate & what they are working on, Tistro&trade; can provide user productivity reporting.<br>\\r\\n\\r\\n<br><strong>DATA ENCRYPTION ENCRYPTED<\\/strong><\\/h3>\\r\\n<p>All Tistro&trade; data is encrypted at source, using Private Public Key Encryption (PPK).\\r\\n<\\/div>\\r\\n<div class=\\\"col-12 col-md-6 pt-4 pt-md-0\\\">\\r\\n<h3><strong>AUTOMATED USER & CONTRACTOR TIME MANAGEMENT<\\/strong><\\/h3><br>In the project environment, Tistro&trade; allows for automatically generated timesheets.&nbsp;<br>These can be easily allocated to projects or activities through the Tistro Cloud&trade;.<br>For non-timesheet based users Tistro&trade; provides powerful, independent productivity reporting, assisting in performance reviews.<br>This process can save thousands of man hours, optimising the performance management process.\\r\\n<\\/div>\\r\\n<div class=\\\"row text-left pt-5\\\">\\r\\n        <div class=\\\"col-12 col-md-6\\\"><\\/p><\\/div><\\/div><\\/div><\\/div>\"}}', '2017-10-24 14:08:18', '2017-10-24 14:08:18', '8e9af90b-1596-4255-b87d-92b34e2ffbb1'),
 ('46', '16', '11', '1', 'en_us', '24', '', '{\"typeId\":null,\"authorId\":null,\"title\":\"About\",\"slug\":\"about\",\"postDate\":1508753689,\"expiryDate\":null,\"enabled\":1,\"parentId\":null,\"fields\":{\"1\":\"<div class=\\\"row text-left pt-5\\\">\\r\\n        <div class=\\\"col-12 col-md-6\\\"><h3><strong>CALENDAR INTEGRATION & CORRELATION<\\/strong><\\/h3><br>Tistro&trade;\\u2019s unique calendar integration & attendee availability correlation capabilities incorporates this critical data into the overall time & activity information delivered into Tistro Cloud&trade;.<br>This enables reporting of the full scope of user activities & interactions within the enterprise.\\r\\n<p>&nbsp;<\\/p><\\/div>\\r\\n<div class=\\\"col-12 col-md-6 pt-4 pt-md-0\\\"><h3><strong>EMPLOYEE EMPOWERMENT & PERFORMANCE MANAGEMENT<\\/strong><\\/h3><br>Tistro&trade; performance profiling allows line management and human resources departments to review users work performance and work loading on an ongoing basis to establish any behavior anomalies that could affect productivity.&nbsp;<br>This allows organization to managing employee\\u2019s wellbeing through identifying work life imbalances.<\\/div>\\r\\n<div class=\\\"row text-left pt-5\\\">\\r\\n        <div class=\\\"col-12 col-md-6\\\">\\r\\n<h3><strong>NEAR REAL-TIME USER ACTIVITY INTERPOLATION<\\/strong><\\/h3><br>Through interpolating a user\\u2019s work rate & what they are working on, Tistro&trade; can provide user productivity reporting.<br><br><strong>DATA ENCRYPTION ENCRYPTED<\\/strong>\\r\\n<p>All Tistro&trade; data is encrypted at source, using Private Public Key Encryption (PPK).\\r\\n<\\/p><\\/div>\\r\\n<div class=\\\"col-12 col-md-6 pt-4 pt-md-0\\\">\\r\\n<h3><strong>AUTOMATED USER & CONTRACTOR TIME MANAGEMENT<\\/strong><\\/h3><br>In the project environment, Tistro&trade; allows for automatically generated timesheets.&nbsp;<br>These can be easily allocated to projects or activities through the Tistro Cloud&trade;.<br>For non-timesheet based users Tistro&trade; provides powerful, independent productivity reporting, assisting in performance reviews.<br>This process can save thousands of man hours, optimising the performance management process.\\r\\n<\\/div>\\r\\n<div class=\\\"row text-left pt-5\\\">\\r\\n        <div class=\\\"col-12 col-md-6\\\"><\\/div><\\/div><\\/div><\\/div>\"}}', '2017-10-24 14:08:22', '2017-10-24 14:08:22', 'c8d7f72c-2825-460a-80be-a073de2e609f'),
 ('47', '16', '11', '1', 'en_us', '25', '', '{\"typeId\":null,\"authorId\":null,\"title\":\"Key Features\",\"slug\":\"about\",\"postDate\":1508753689,\"expiryDate\":null,\"enabled\":1,\"parentId\":null,\"fields\":{\"1\":\"<div class=\\\"row text-left pt-5\\\">\\r\\n        <div class=\\\"col-12 col-md-6\\\"><h3><strong>CALENDAR INTEGRATION & CORRELATION<\\/strong><\\/h3><br>Tistro&trade;\\u2019s unique calendar integration & attendee availability correlation capabilities incorporates this critical data into the overall time & activity information delivered into Tistro Cloud&trade;.<br>This enables reporting of the full scope of user activities & interactions within the enterprise.\\r\\n<p>&nbsp;<\\/p><\\/div>\\r\\n<div class=\\\"col-12 col-md-6 pt-4 pt-md-0\\\"><h3><strong>EMPLOYEE EMPOWERMENT & PERFORMANCE MANAGEMENT<\\/strong><\\/h3><br>Tistro&trade; performance profiling allows line management and human resources departments to review users work performance and work loading on an ongoing basis to establish any behavior anomalies that could affect productivity.&nbsp;<br>This allows organization to managing employee\\u2019s wellbeing through identifying work life imbalances.<\\/div>\\r\\n<div class=\\\"row text-left pt-5\\\">\\r\\n        <div class=\\\"col-12 col-md-6\\\">\\r\\n<h3><strong>NEAR REAL-TIME USER ACTIVITY INTERPOLATION<\\/strong><\\/h3><br>Through interpolating a user\\u2019s work rate & what they are working on, Tistro&trade; can provide user productivity reporting.<br><br><strong>DATA ENCRYPTION ENCRYPTED<\\/strong>\\r\\n<p>All Tistro&trade; data is encrypted at source, using Private Public Key Encryption (PPK).\\r\\n<\\/p><\\/div>\\r\\n<div class=\\\"col-12 col-md-6 pt-4 pt-md-0\\\">\\r\\n<h3><strong>AUTOMATED USER & CONTRACTOR TIME MANAGEMENT<\\/strong><\\/h3><br>In the project environment, Tistro&trade; allows for automatically generated timesheets.&nbsp;<br>These can be easily allocated to projects or activities through the Tistro Cloud&trade;.<br>For non-timesheet based users Tistro&trade; provides powerful, independent productivity reporting, assisting in performance reviews.<br>This process can save thousands of man hours, optimising the performance management process.\\r\\n<\\/div>\\r\\n<div class=\\\"row text-left pt-5\\\">\\r\\n        <div class=\\\"col-12 col-md-6\\\"><\\/div><\\/div><\\/div><\\/div>\"}}', '2017-10-24 14:19:27', '2017-10-24 14:19:27', '2883c270-9481-42df-a242-0b4da3ee3c1a'),
 ('48', '16', '11', '1', 'en_us', '26', '', '{\"typeId\":null,\"authorId\":null,\"title\":\"Key Features\",\"slug\":\"about\",\"postDate\":1508753689,\"expiryDate\":null,\"enabled\":1,\"parentId\":null,\"fields\":{\"1\":\"<div class=\\\"row text-left pt-5\\\">\\r\\n        <div class=\\\"col-12 col-md-6\\\"><h3><strong>CALENDAR INTEGRATION & CORRELATION<\\/strong><\\/h3><br>Tistro&trade;\\u2019s unique calendar integration & attendee availability correlation capabilities incorporates this critical data into the overall time & activity information delivered into Tistro Cloud&trade;.<br>This enables reporting of the full scope of user activities & interactions within the enterprise.\\r\\n<p>&nbsp;<\\/p><\\/div>\\r\\n<div class=\\\"col-12 col-md-6 pt-4 pt-md-0\\\"><h3><strong>EMPLOYEE EMPOWERMENT & PERFORMANCE MANAGEMENT<\\/strong><\\/h3><br>Tistro&trade; performance profiling allows line management and human resources departments to review users work performance and work loading on an ongoing basis to establish any behavior anomalies that could affect productivity.&nbsp;<br>This allows organization to managing employee\\u2019s wellbeing through identifying work life imbalances.<\\/div>\\r\\n<div class=\\\"row text-left pt-5\\\">\\r\\n        <div class=\\\"col-12 col-md-6\\\">\\r\\n<h3><strong>NEAR REAL-TIME USER ACTIVITY INTERPOLATION<\\/strong><\\/h3><br>Through interpolating a user\\u2019s work rate & what they are working on, Tistro&trade; can provide user productivity reporting.<br><br><strong>DATA ENCRYPTION ENCRYPTED<\\/strong>\\r\\n<p>All Tistro&trade; data is encrypted at source, using Private Public Key Encryption (PPK).\\r\\n<\\/p><\\/div>\\r\\n<div class=\\\"col-12 col-md-6 pt-4 pt-md-0\\\">\\r\\n<h3><strong>AUTOMATED USER & CONTRACTOR TIME MANAGEMENT<\\/strong><\\/h3><br>In the project environment, Tistro&trade; allows for automatically generated timesheets.&nbsp;<br>These can be easily allocated to projects or activities through the Tistro Cloud&trade;.<br>For non-timesheet based users Tistro&trade; provides powerful, independent productivity reporting, assisting in performance reviews.<br>This process can save thousands of man hours, optimising the performance management process.\\r\\n<\\/div>\\r\\n<div class=\\\"row text-left pt-5\\\">\\r\\n        <div class=\\\"col-12 col-md-6\\\"><\\/div><\\/div><\\/div><\\/div>\"}}', '2017-10-24 14:19:31', '2017-10-24 14:19:31', '1bc5617c-cfd5-43ef-a112-d1161cf3817e'),
 ('49', '5', '4', '1', 'en_us', '2', NULL, '{\"typeId\":null,\"authorId\":null,\"title\":\"Contact us\",\"slug\":\"contact-us\",\"postDate\":1506934959,\"expiryDate\":null,\"enabled\":1,\"parentId\":null,\"fields\":[]}', '2017-10-25 10:08:16', '2017-10-25 10:08:16', '5aa90ccd-9cd7-4c65-9f5b-48675e20013f'),
 ('50', '5', '4', '1', 'en_us', '3', NULL, '{\"typeId\":null,\"authorId\":null,\"title\":\"Contact us\",\"slug\":\"contact-us\",\"postDate\":1506934959,\"expiryDate\":null,\"enabled\":1,\"parentId\":null,\"fields\":[]}', '2017-10-25 10:08:44', '2017-10-25 10:08:44', 'b51353c1-d1cc-4fdd-8748-69db73c9d24e'),
 ('51', '5', '4', '1', 'en_us', '4', NULL, '{\"typeId\":null,\"authorId\":null,\"title\":\"Contact us\",\"slug\":\"contact-us\",\"postDate\":1506934959,\"expiryDate\":null,\"enabled\":1,\"parentId\":null,\"fields\":[]}', '2017-10-25 10:09:03', '2017-10-25 10:09:03', 'b8a1a8ef-c32e-42a2-a629-432507254052'),
 ('52', '5', '4', '1', 'en_us', '5', NULL, '{\"typeId\":null,\"authorId\":null,\"title\":\"Contact us\",\"slug\":\"contact-us\",\"postDate\":1506934959,\"expiryDate\":null,\"enabled\":1,\"parentId\":null,\"fields\":[]}', '2017-10-25 10:09:43', '2017-10-25 10:09:43', '39a7c34b-d7f0-4d69-b2e5-8b6653d3b2cf'),
 ('53', '5', '4', '1', 'en_us', '6', NULL, '{\"typeId\":null,\"authorId\":null,\"title\":\"Contact us\",\"slug\":\"contact-us\",\"postDate\":1506934959,\"expiryDate\":null,\"enabled\":1,\"parentId\":null,\"fields\":[]}', '2017-10-25 10:22:44', '2017-10-25 10:22:44', '48b0ac6f-0c4a-4d8a-bad0-649d60fc127c'),
 ('54', '5', '4', '1', 'en_us', '7', NULL, '{\"typeId\":null,\"authorId\":null,\"title\":\"Contact us\",\"slug\":\"contact-us\",\"postDate\":1506934959,\"expiryDate\":null,\"enabled\":1,\"parentId\":null,\"fields\":[]}', '2017-10-25 10:23:29', '2017-10-25 10:23:29', '399f72c2-a86c-414b-97e4-f51e19b92dad'),
 ('55', '21', '12', '1', 'en_us', '1', NULL, '{\"typeId\":\"12\",\"authorId\":null,\"title\":\"Register\",\"slug\":\"register\",\"postDate\":1508936497,\"expiryDate\":null,\"enabled\":1,\"parentId\":null,\"fields\":[]}', '2017-10-25 13:01:38', '2017-10-25 13:01:38', '379e0bd8-15ee-4346-8d2a-d1c1f8fb1488');



DROP TABLE IF EXISTS `craft_fieldgroups`;


--
-- Schema for table `craft_fieldgroups`
--
CREATE TABLE `craft_fieldgroups` (
  `id` int(11) NOT NULL AUTO_INCREMENT,
  `name` varchar(255) COLLATE utf8_unicode_ci NOT NULL,
  `dateCreated` datetime NOT NULL,
  `dateUpdated` datetime NOT NULL,
  `uid` char(36) COLLATE utf8_unicode_ci NOT NULL DEFAULT '0',
  PRIMARY KEY (`id`),
  UNIQUE KEY `craft_fieldgroups_name_unq_idx` (`name`)
) ENGINE=InnoDB AUTO_INCREMENT=2 DEFAULT CHARSET=utf8 COLLATE=utf8_unicode_ci;

--
-- Data for table `craft_fieldgroups`
--

INSERT INTO `craft_fieldgroups` (`id`, `name`, `dateCreated`, `dateUpdated`, `uid`) VALUES
 ('1', 'Default', '2017-10-02 08:50:18', '2017-10-02 08:50:18', '229fb2ea-08ef-4a52-9889-064efe73554e');



DROP TABLE IF EXISTS `craft_fieldlayoutfields`;


--
-- Schema for table `craft_fieldlayoutfields`
--
CREATE TABLE `craft_fieldlayoutfields` (
  `id` int(11) NOT NULL AUTO_INCREMENT,
  `layoutId` int(11) NOT NULL,
  `tabId` int(11) NOT NULL,
  `fieldId` int(11) NOT NULL,
  `required` tinyint(1) unsigned NOT NULL DEFAULT '0',
  `sortOrder` smallint(6) unsigned DEFAULT NULL,
  `dateCreated` datetime NOT NULL,
  `dateUpdated` datetime NOT NULL,
  `uid` char(36) COLLATE utf8_unicode_ci NOT NULL DEFAULT '0',
  PRIMARY KEY (`id`),
  UNIQUE KEY `craft_fieldlayoutfields_layoutId_fieldId_unq_idx` (`layoutId`,`fieldId`),
  KEY `craft_fieldlayoutfields_sortOrder_idx` (`sortOrder`),
  KEY `craft_fieldlayoutfields_tabId_fk` (`tabId`),
  KEY `craft_fieldlayoutfields_fieldId_fk` (`fieldId`)
) ENGINE=InnoDB AUTO_INCREMENT=5 DEFAULT CHARSET=utf8 COLLATE=utf8_unicode_ci;

--
-- Data for table `craft_fieldlayoutfields`
--

INSERT INTO `craft_fieldlayoutfields` (`id`, `layoutId`, `tabId`, `fieldId`, `required`, `sortOrder`, `dateCreated`, `dateUpdated`, `uid`) VALUES
 ('2', '15', '2', '1', '0', '1', '2017-10-23 08:48:55', '2017-10-23 08:48:55', '4082902e-2e33-46be-9ee0-301b31c418cc'),
 ('4', '18', '4', '1', '0', '1', '2017-10-23 10:16:01', '2017-10-23 10:16:01', '7572b7f2-7329-4a89-95bc-ed57b13bf64e');



DROP TABLE IF EXISTS `craft_fieldlayouts`;


--
-- Schema for table `craft_fieldlayouts`
--
CREATE TABLE `craft_fieldlayouts` (
  `id` int(11) NOT NULL AUTO_INCREMENT,
  `type` varchar(150) COLLATE utf8_unicode_ci NOT NULL,
  `dateCreated` datetime NOT NULL,
  `dateUpdated` datetime NOT NULL,
  `uid` char(36) COLLATE utf8_unicode_ci NOT NULL DEFAULT '0',
  PRIMARY KEY (`id`),
  KEY `craft_fieldlayouts_type_idx` (`type`)
) ENGINE=InnoDB AUTO_INCREMENT=20 DEFAULT CHARSET=utf8 COLLATE=utf8_unicode_ci;

--
-- Data for table `craft_fieldlayouts`
--

INSERT INTO `craft_fieldlayouts` (`id`, `type`, `dateCreated`, `dateUpdated`, `uid`) VALUES
 ('1', 'Tag', '2017-10-02 08:50:18', '2017-10-02 08:50:18', '56ef8aaf-8b4e-4c8e-a58f-0e11ed913b06'),
 ('6', 'Entry', '2017-10-02 09:02:09', '2017-10-02 09:02:09', '7dca248c-7a64-4943-a0f1-7b30be0ab6b4'),
 ('7', 'Entry', '2017-10-02 09:02:39', '2017-10-02 09:02:39', 'e0a6bc93-466b-40a0-8543-15733b992a12'),
 ('8', 'Entry', '2017-10-02 09:02:56', '2017-10-02 09:02:56', '8850e143-1031-45d7-904c-85c0d377bf89'),
 ('9', 'Entry', '2017-10-02 09:03:11', '2017-10-02 09:03:11', '3cf8e606-9f88-42b5-86e8-6deb3d2ce4e2'),
 ('12', 'Entry', '2017-10-02 12:09:31', '2017-10-02 12:09:31', '1a841f33-15ba-478a-8deb-ebc017c91fd2'),
 ('13', 'Entry', '2017-10-02 14:06:27', '2017-10-02 14:06:27', 'bac82c6f-68d7-4d34-8d75-a018acc41d1c'),
 ('15', 'Entry', '2017-10-23 08:48:55', '2017-10-23 08:48:55', 'e06c5ab5-891c-43b9-80fa-224caa9d2c36'),
 ('18', 'Entry', '2017-10-23 10:16:00', '2017-10-23 10:16:00', '033c0cfc-c05c-404d-9e77-5b0e6b903731'),
 ('19', 'Entry', '2017-10-25 13:01:37', '2017-10-25 13:01:37', '774da4eb-4fef-4a3e-a597-9e0518d052cb');



DROP TABLE IF EXISTS `craft_fieldlayouttabs`;


--
-- Schema for table `craft_fieldlayouttabs`
--
CREATE TABLE `craft_fieldlayouttabs` (
  `id` int(11) NOT NULL AUTO_INCREMENT,
  `layoutId` int(11) NOT NULL,
  `name` varchar(255) COLLATE utf8_unicode_ci NOT NULL,
  `sortOrder` smallint(6) unsigned DEFAULT NULL,
  `dateCreated` datetime NOT NULL,
  `dateUpdated` datetime NOT NULL,
  `uid` char(36) COLLATE utf8_unicode_ci NOT NULL DEFAULT '0',
  PRIMARY KEY (`id`),
  KEY `craft_fieldlayouttabs_sortOrder_idx` (`sortOrder`),
  KEY `craft_fieldlayouttabs_layoutId_fk` (`layoutId`)
) ENGINE=InnoDB AUTO_INCREMENT=5 DEFAULT CHARSET=utf8 COLLATE=utf8_unicode_ci;

--
-- Data for table `craft_fieldlayouttabs`
--

INSERT INTO `craft_fieldlayouttabs` (`id`, `layoutId`, `name`, `sortOrder`, `dateCreated`, `dateUpdated`, `uid`) VALUES
 ('2', '15', 'Tab 1', '1', '2017-10-23 08:48:55', '2017-10-23 08:48:55', '8a13a934-33dd-4c8f-bc64-25d9fd934ace'),
 ('4', '18', 'Tab 1', '1', '2017-10-23 10:16:00', '2017-10-23 10:16:00', 'b7c507ba-5860-4b18-8b2b-2ab162f01614');



DROP TABLE IF EXISTS `craft_fields`;


--
-- Schema for table `craft_fields`
--
CREATE TABLE `craft_fields` (
  `id` int(11) NOT NULL AUTO_INCREMENT,
  `groupId` int(11) DEFAULT NULL,
  `name` varchar(255) COLLATE utf8_unicode_ci NOT NULL,
  `handle` varchar(58) COLLATE utf8_unicode_ci NOT NULL,
  `context` varchar(255) COLLATE utf8_unicode_ci NOT NULL DEFAULT 'global',
  `instructions` text COLLATE utf8_unicode_ci,
  `translatable` tinyint(1) unsigned NOT NULL DEFAULT '0',
  `type` varchar(150) COLLATE utf8_unicode_ci NOT NULL,
  `settings` text COLLATE utf8_unicode_ci,
  `dateCreated` datetime NOT NULL,
  `dateUpdated` datetime NOT NULL,
  `uid` char(36) COLLATE utf8_unicode_ci NOT NULL DEFAULT '0',
  PRIMARY KEY (`id`),
  UNIQUE KEY `craft_fields_handle_context_unq_idx` (`handle`,`context`),
  KEY `craft_fields_context_idx` (`context`),
  KEY `craft_fields_groupId_fk` (`groupId`)
) ENGINE=InnoDB AUTO_INCREMENT=3 DEFAULT CHARSET=utf8 COLLATE=utf8_unicode_ci;

--
-- Data for table `craft_fields`
--

INSERT INTO `craft_fields` (`id`, `groupId`, `name`, `handle`, `context`, `instructions`, `translatable`, `type`, `settings`, `dateCreated`, `dateUpdated`, `uid`) VALUES
 ('1', '1', 'Body', 'body', 'global', NULL, '1', 'RichText', '{\"configFile\":\"Standard.json\",\"columnType\":\"text\"}', '2017-10-02 08:50:18', '2017-10-02 08:50:18', '2088cb4b-bd4a-44de-90fb-ad7ad70fe811'),
 ('2', '1', 'Tags', 'tags', 'global', NULL, '0', 'Tags', '{\"source\":\"taggroup:1\"}', '2017-10-02 08:50:18', '2017-10-02 08:50:18', '708f7d95-99a5-4270-90a6-d7aa4113f0e1');



DROP TABLE IF EXISTS `craft_globalsets`;


--
-- Schema for table `craft_globalsets`
--
CREATE TABLE `craft_globalsets` (
  `id` int(11) NOT NULL,
  `name` varchar(255) COLLATE utf8_unicode_ci NOT NULL,
  `handle` varchar(255) COLLATE utf8_unicode_ci NOT NULL,
  `fieldLayoutId` int(11) DEFAULT NULL,
  `dateCreated` datetime NOT NULL,
  `dateUpdated` datetime NOT NULL,
  `uid` char(36) COLLATE utf8_unicode_ci NOT NULL DEFAULT '0',
  PRIMARY KEY (`id`),
  UNIQUE KEY `craft_globalsets_name_unq_idx` (`name`),
  UNIQUE KEY `craft_globalsets_handle_unq_idx` (`handle`),
  KEY `craft_globalsets_fieldLayoutId_fk` (`fieldLayoutId`)
) ENGINE=InnoDB DEFAULT CHARSET=utf8 COLLATE=utf8_unicode_ci;

DROP TABLE IF EXISTS `craft_info`;


--
-- Schema for table `craft_info`
--
CREATE TABLE `craft_info` (
  `id` int(11) NOT NULL AUTO_INCREMENT,
  `version` varchar(50) COLLATE utf8_unicode_ci NOT NULL,
  `schemaVersion` varchar(15) COLLATE utf8_unicode_ci NOT NULL,
  `edition` tinyint(1) unsigned NOT NULL DEFAULT '0',
  `siteName` varchar(100) COLLATE utf8_unicode_ci NOT NULL,
  `siteUrl` varchar(255) COLLATE utf8_unicode_ci NOT NULL,
  `timezone` varchar(30) COLLATE utf8_unicode_ci DEFAULT NULL,
  `on` tinyint(1) unsigned NOT NULL DEFAULT '0',
  `maintenance` tinyint(1) unsigned NOT NULL DEFAULT '0',
  `dateCreated` datetime NOT NULL,
  `dateUpdated` datetime NOT NULL,
  `uid` char(36) COLLATE utf8_unicode_ci NOT NULL DEFAULT '0',
  PRIMARY KEY (`id`)
) ENGINE=InnoDB AUTO_INCREMENT=2 DEFAULT CHARSET=utf8 COLLATE=utf8_unicode_ci;

--
-- Data for table `craft_info`
--

INSERT INTO `craft_info` (`id`, `version`, `schemaVersion`, `edition`, `siteName`, `siteUrl`, `timezone`, `on`, `maintenance`, `dateCreated`, `dateUpdated`, `uid`) VALUES
 ('1', '2.6.2988', '2.6.10', '2', 'Tistro', 'http://localhost/tistros/public', 'UTC', '1', '1', '2017-10-02 08:50:14', '2017-10-26 12:06:46', '3ba14a1a-6e51-4ff8-a87e-bf05a7f4b0c4');



DROP TABLE IF EXISTS `craft_locales`;


--
-- Schema for table `craft_locales`
--
CREATE TABLE `craft_locales` (
  `locale` char(12) COLLATE utf8_unicode_ci NOT NULL,
  `sortOrder` smallint(6) unsigned DEFAULT NULL,
  `dateCreated` datetime NOT NULL,
  `dateUpdated` datetime NOT NULL,
  `uid` char(36) COLLATE utf8_unicode_ci NOT NULL DEFAULT '0',
  PRIMARY KEY (`locale`),
  KEY `craft_locales_sortOrder_idx` (`sortOrder`)
) ENGINE=InnoDB DEFAULT CHARSET=utf8 COLLATE=utf8_unicode_ci;

--
-- Data for table `craft_locales`
--

INSERT INTO `craft_locales` (`locale`, `sortOrder`, `dateCreated`, `dateUpdated`, `uid`) VALUES
 ('en_us', '1', '2017-10-02 08:50:14', '2017-10-02 08:50:14', '9939c86d-d00d-45f8-8c33-bc51bb1ba613');



DROP TABLE IF EXISTS `craft_matrixblocks`;


--
-- Schema for table `craft_matrixblocks`
--
CREATE TABLE `craft_matrixblocks` (
  `id` int(11) NOT NULL,
  `ownerId` int(11) NOT NULL,
  `fieldId` int(11) NOT NULL,
  `typeId` int(11) DEFAULT NULL,
  `sortOrder` smallint(6) unsigned DEFAULT NULL,
  `ownerLocale` char(12) COLLATE utf8_unicode_ci DEFAULT NULL,
  `dateCreated` datetime NOT NULL,
  `dateUpdated` datetime NOT NULL,
  `uid` char(36) COLLATE utf8_unicode_ci NOT NULL DEFAULT '0',
  PRIMARY KEY (`id`),
  KEY `craft_matrixblocks_ownerId_idx` (`ownerId`),
  KEY `craft_matrixblocks_fieldId_idx` (`fieldId`),
  KEY `craft_matrixblocks_typeId_idx` (`typeId`),
  KEY `craft_matrixblocks_sortOrder_idx` (`sortOrder`),
  KEY `craft_matrixblocks_ownerLocale_fk` (`ownerLocale`)
) ENGINE=InnoDB DEFAULT CHARSET=utf8 COLLATE=utf8_unicode_ci;

DROP TABLE IF EXISTS `craft_matrixblocktypes`;


--
-- Schema for table `craft_matrixblocktypes`
--
CREATE TABLE `craft_matrixblocktypes` (
  `id` int(11) NOT NULL AUTO_INCREMENT,
  `fieldId` int(11) NOT NULL,
  `fieldLayoutId` int(11) DEFAULT NULL,
  `name` varchar(255) COLLATE utf8_unicode_ci NOT NULL,
  `handle` varchar(255) COLLATE utf8_unicode_ci NOT NULL,
  `sortOrder` smallint(6) unsigned DEFAULT NULL,
  `dateCreated` datetime NOT NULL,
  `dateUpdated` datetime NOT NULL,
  `uid` char(36) COLLATE utf8_unicode_ci NOT NULL DEFAULT '0',
  PRIMARY KEY (`id`),
  UNIQUE KEY `craft_matrixblocktypes_name_fieldId_unq_idx` (`name`,`fieldId`),
  UNIQUE KEY `craft_matrixblocktypes_handle_fieldId_unq_idx` (`handle`,`fieldId`),
  KEY `craft_matrixblocktypes_fieldId_fk` (`fieldId`),
  KEY `craft_matrixblocktypes_fieldLayoutId_fk` (`fieldLayoutId`)
) ENGINE=InnoDB DEFAULT CHARSET=utf8 COLLATE=utf8_unicode_ci;

DROP TABLE IF EXISTS `craft_migrations`;


--
-- Schema for table `craft_migrations`
--
CREATE TABLE `craft_migrations` (
  `id` int(11) NOT NULL AUTO_INCREMENT,
  `pluginId` int(11) DEFAULT NULL,
  `version` varchar(255) COLLATE utf8_unicode_ci NOT NULL,
  `applyTime` datetime NOT NULL,
  `dateCreated` datetime NOT NULL,
  `dateUpdated` datetime NOT NULL,
  `uid` char(36) COLLATE utf8_unicode_ci NOT NULL DEFAULT '0',
  PRIMARY KEY (`id`),
  UNIQUE KEY `craft_migrations_version_unq_idx` (`version`),
  KEY `craft_migrations_pluginId_fk` (`pluginId`)
) ENGINE=InnoDB AUTO_INCREMENT=40 DEFAULT CHARSET=utf8 COLLATE=utf8_unicode_ci;

--
-- Data for table `craft_migrations`
--

INSERT INTO `craft_migrations` (`id`, `pluginId`, `version`, `applyTime`, `dateCreated`, `dateUpdated`, `uid`) VALUES
 ('1', NULL, 'm000000_000000_base', '2017-10-02 08:50:14', '2017-10-02 08:50:14', '2017-10-02 08:50:14', '93d85adb-9e51-44f4-8951-e960e83e263c'),
 ('2', NULL, 'm140730_000001_add_filename_and_format_to_transformindex', '2017-10-02 08:50:14', '2017-10-02 08:50:14', '2017-10-02 08:50:14', '530db6aa-ec3f-44ba-8ed0-caa16e3b48ff'),
 ('3', NULL, 'm140815_000001_add_format_to_transforms', '2017-10-02 08:50:14', '2017-10-02 08:50:14', '2017-10-02 08:50:14', 'eda850df-6d53-416d-8526-bcf47c245568'),
 ('4', NULL, 'm140822_000001_allow_more_than_128_items_per_field', '2017-10-02 08:50:14', '2017-10-02 08:50:14', '2017-10-02 08:50:14', 'abcd9984-ac7e-44c9-bcca-3a19ca4d65c2'),
 ('5', NULL, 'm140829_000001_single_title_formats', '2017-10-02 08:50:14', '2017-10-02 08:50:14', '2017-10-02 08:50:14', 'bd7096b5-2583-459d-a2d0-2c19bfb3143d'),
 ('6', NULL, 'm140831_000001_extended_cache_keys', '2017-10-02 08:50:14', '2017-10-02 08:50:14', '2017-10-02 08:50:14', '11a6cb82-30f2-467a-aeaa-b01227ec84e2'),
 ('7', NULL, 'm140922_000001_delete_orphaned_matrix_blocks', '2017-10-02 08:50:14', '2017-10-02 08:50:14', '2017-10-02 08:50:14', '4aa7fc7e-b4d1-4ffb-8c85-92d1c2f3801b'),
 ('8', NULL, 'm141008_000001_elements_index_tune', '2017-10-02 08:50:14', '2017-10-02 08:50:14', '2017-10-02 08:50:14', 'd41f7f52-322f-4d56-aa7c-4d4c0d4d4e2a'),
 ('9', NULL, 'm141009_000001_assets_source_handle', '2017-10-02 08:50:14', '2017-10-02 08:50:14', '2017-10-02 08:50:14', 'dff70ec5-76d9-413d-87dc-a1e1e8e5932d'),
 ('10', NULL, 'm141024_000001_field_layout_tabs', '2017-10-02 08:50:14', '2017-10-02 08:50:14', '2017-10-02 08:50:14', '8faa736a-0bce-4f32-b317-c4ee92b7d45e'),
 ('11', NULL, 'm141030_000000_plugin_schema_versions', '2017-10-02 08:50:14', '2017-10-02 08:50:14', '2017-10-02 08:50:14', 'bd16f225-7fd9-434e-8e31-b3a35030115b'),
 ('12', NULL, 'm141030_000001_drop_structure_move_permission', '2017-10-02 08:50:14', '2017-10-02 08:50:14', '2017-10-02 08:50:14', '58b825e8-3a1c-48d0-9619-eade73aafca9'),
 ('13', NULL, 'm141103_000001_tag_titles', '2017-10-02 08:50:14', '2017-10-02 08:50:14', '2017-10-02 08:50:14', 'b3d212be-4043-4c0d-95bb-c97d74e4d0ce'),
 ('14', NULL, 'm141109_000001_user_status_shuffle', '2017-10-02 08:50:14', '2017-10-02 08:50:14', '2017-10-02 08:50:14', '076d7fb3-1bfa-4638-81ef-63f4e5791491'),
 ('15', NULL, 'm141126_000001_user_week_start_day', '2017-10-02 08:50:14', '2017-10-02 08:50:14', '2017-10-02 08:50:14', 'da0ebeeb-81cd-4c95-938f-1e7d1ebcff39'),
 ('16', NULL, 'm150210_000001_adjust_user_photo_size', '2017-10-02 08:50:14', '2017-10-02 08:50:14', '2017-10-02 08:50:14', 'bfa24570-70ad-41c8-ba52-7f61445b168a'),
 ('17', NULL, 'm150724_000001_adjust_quality_settings', '2017-10-02 08:50:14', '2017-10-02 08:50:14', '2017-10-02 08:50:14', '1b3392ee-d9d5-4a37-b8ab-d35f7d6ffa8d'),
 ('18', NULL, 'm150827_000000_element_index_settings', '2017-10-02 08:50:14', '2017-10-02 08:50:14', '2017-10-02 08:50:14', 'fcc0f9d9-dd79-4cf7-9538-65e10634b5d2'),
 ('19', NULL, 'm150918_000001_add_colspan_to_widgets', '2017-10-02 08:50:14', '2017-10-02 08:50:14', '2017-10-02 08:50:14', 'd463f287-249c-4554-a9cd-3997c408ff86'),
 ('20', NULL, 'm151007_000000_clear_asset_caches', '2017-10-02 08:50:14', '2017-10-02 08:50:14', '2017-10-02 08:50:14', '20bbbef1-28bd-4831-9200-3c362366e5f5'),
 ('21', NULL, 'm151109_000000_text_url_formats', '2017-10-02 08:50:14', '2017-10-02 08:50:14', '2017-10-02 08:50:14', '46a2184c-bf32-4daf-9469-07c111298166'),
 ('22', NULL, 'm151110_000000_move_logo', '2017-10-02 08:50:14', '2017-10-02 08:50:14', '2017-10-02 08:50:14', 'ee02e43f-e21d-4230-a9aa-301a53382f30'),
 ('23', NULL, 'm151117_000000_adjust_image_widthheight', '2017-10-02 08:50:14', '2017-10-02 08:50:14', '2017-10-02 08:50:14', '5480007c-811d-4ec6-832f-080e22a4ec85'),
 ('24', NULL, 'm151127_000000_clear_license_key_status', '2017-10-02 08:50:14', '2017-10-02 08:50:14', '2017-10-02 08:50:14', '1b3413e6-15fb-4cb4-af6a-9d27536a07d9'),
 ('25', NULL, 'm151127_000000_plugin_license_keys', '2017-10-02 08:50:14', '2017-10-02 08:50:14', '2017-10-02 08:50:14', 'a4d66070-ead2-4e00-8d9a-e8dc1c505b6b'),
 ('26', NULL, 'm151130_000000_update_pt_widget_feeds', '2017-10-02 08:50:14', '2017-10-02 08:50:14', '2017-10-02 08:50:14', 'cb79db40-d62a-494b-9898-51555a1e064e'),
 ('27', NULL, 'm160114_000000_asset_sources_public_url_default_true', '2017-10-02 08:50:14', '2017-10-02 08:50:14', '2017-10-02 08:50:14', 'bae97822-3098-4438-8a48-9b5afc5f2b39'),
 ('28', NULL, 'm160223_000000_sortorder_to_smallint', '2017-10-02 08:50:14', '2017-10-02 08:50:14', '2017-10-02 08:50:14', 'a6977caf-bbb4-4ca8-8d1b-b2dc2771ec3b'),
 ('29', NULL, 'm160229_000000_set_default_entry_statuses', '2017-10-02 08:50:14', '2017-10-02 08:50:14', '2017-10-02 08:50:14', '0bcc1610-bd3d-4b82-881d-8a2010ff8ce0'),
 ('30', NULL, 'm160304_000000_client_permissions', '2017-10-02 08:50:14', '2017-10-02 08:50:14', '2017-10-02 08:50:14', 'f788d437-48a4-4a7a-a0f7-3a8fda72ed74'),
 ('31', NULL, 'm160322_000000_asset_filesize', '2017-10-02 08:50:14', '2017-10-02 08:50:14', '2017-10-02 08:50:14', 'f70a0155-ebc5-4537-91ad-8b7b3723c0b6'),
 ('32', NULL, 'm160503_000000_orphaned_fieldlayouts', '2017-10-02 08:50:14', '2017-10-02 08:50:14', '2017-10-02 08:50:14', '9db5b4c4-afdf-4992-9ce1-801b907f5ed7'),
 ('33', NULL, 'm160510_000000_tasksettings', '2017-10-02 08:50:14', '2017-10-02 08:50:14', '2017-10-02 08:50:14', '3d894eee-b3b7-445a-aff8-918862483cfc'),
 ('34', NULL, 'm160829_000000_pending_user_content_cleanup', '2017-10-02 08:50:14', '2017-10-02 08:50:14', '2017-10-02 08:50:14', '8d56955b-53c1-436d-97df-d9cc45abf8fb'),
 ('35', NULL, 'm160830_000000_asset_index_uri_increase', '2017-10-02 08:50:14', '2017-10-02 08:50:14', '2017-10-02 08:50:14', 'a3513210-cd64-4a4c-acc2-304262438520'),
 ('36', NULL, 'm160919_000000_usergroup_handle_title_unique', '2017-10-02 08:50:14', '2017-10-02 08:50:14', '2017-10-02 08:50:14', '23d6739b-9345-4739-9824-5b9600616fdc'),
 ('37', NULL, 'm161108_000000_new_version_format', '2017-10-02 08:50:14', '2017-10-02 08:50:14', '2017-10-02 08:50:14', '6f38227b-a7a3-460a-93a1-401e9de28143'),
 ('38', NULL, 'm161109_000000_index_shuffle', '2017-10-02 08:50:14', '2017-10-02 08:50:14', '2017-10-02 08:50:14', 'c33230d8-8341-4c94-9aea-3379fcf3210e'),
 ('39', NULL, 'm170612_000000_route_index_shuffle', '2017-10-02 08:50:14', '2017-10-02 08:50:14', '2017-10-02 08:50:14', '33bab750-eeef-48ee-a997-49fa3f3aed2c');



DROP TABLE IF EXISTS `craft_plugins`;


--
-- Schema for table `craft_plugins`
--
CREATE TABLE `craft_plugins` (
  `id` int(11) NOT NULL AUTO_INCREMENT,
  `class` varchar(150) COLLATE utf8_unicode_ci NOT NULL,
  `version` varchar(15) COLLATE utf8_unicode_ci NOT NULL,
  `schemaVersion` varchar(15) COLLATE utf8_unicode_ci DEFAULT NULL,
  `licenseKey` char(24) COLLATE utf8_unicode_ci DEFAULT NULL,
  `licenseKeyStatus` enum('valid','invalid','mismatched','unknown') COLLATE utf8_unicode_ci NOT NULL DEFAULT 'unknown',
  `enabled` tinyint(1) unsigned NOT NULL DEFAULT '0',
  `settings` text COLLATE utf8_unicode_ci,
  `installDate` datetime NOT NULL,
  `dateCreated` datetime NOT NULL,
  `dateUpdated` datetime NOT NULL,
  `uid` char(36) COLLATE utf8_unicode_ci NOT NULL DEFAULT '0',
  PRIMARY KEY (`id`)
) ENGINE=InnoDB DEFAULT CHARSET=utf8 COLLATE=utf8_unicode_ci;

DROP TABLE IF EXISTS `craft_rackspaceaccess`;


--
-- Schema for table `craft_rackspaceaccess`
--
CREATE TABLE `craft_rackspaceaccess` (
  `id` int(11) NOT NULL AUTO_INCREMENT,
  `connectionKey` varchar(255) COLLATE utf8_unicode_ci NOT NULL,
  `token` varchar(255) COLLATE utf8_unicode_ci NOT NULL,
  `storageUrl` varchar(255) COLLATE utf8_unicode_ci NOT NULL,
  `cdnUrl` varchar(255) COLLATE utf8_unicode_ci NOT NULL,
  `dateCreated` datetime NOT NULL,
  `dateUpdated` datetime NOT NULL,
  `uid` char(36) COLLATE utf8_unicode_ci NOT NULL DEFAULT '0',
  PRIMARY KEY (`id`),
  UNIQUE KEY `craft_rackspaceaccess_connectionKey_unq_idx` (`connectionKey`)
) ENGINE=InnoDB DEFAULT CHARSET=utf8 COLLATE=utf8_unicode_ci;

DROP TABLE IF EXISTS `craft_relations`;


--
-- Schema for table `craft_relations`
--
CREATE TABLE `craft_relations` (
  `id` int(11) NOT NULL AUTO_INCREMENT,
  `fieldId` int(11) NOT NULL,
  `sourceId` int(11) NOT NULL,
  `sourceLocale` char(12) COLLATE utf8_unicode_ci DEFAULT NULL,
  `targetId` int(11) NOT NULL,
  `sortOrder` smallint(6) DEFAULT NULL,
  `dateCreated` datetime NOT NULL,
  `dateUpdated` datetime NOT NULL,
  `uid` char(36) COLLATE utf8_unicode_ci NOT NULL DEFAULT '0',
  PRIMARY KEY (`id`),
  UNIQUE KEY `craft_relations_fieldId_sourceId_sourceLocale_targetId_unq_idx` (`fieldId`,`sourceId`,`sourceLocale`,`targetId`),
  KEY `craft_relations_sourceId_fk` (`sourceId`),
  KEY `craft_relations_sourceLocale_fk` (`sourceLocale`),
  KEY `craft_relations_targetId_fk` (`targetId`)
) ENGINE=InnoDB DEFAULT CHARSET=utf8 COLLATE=utf8_unicode_ci;

DROP TABLE IF EXISTS `craft_routes`;


--
-- Schema for table `craft_routes`
--
CREATE TABLE `craft_routes` (
  `id` int(11) NOT NULL AUTO_INCREMENT,
  `locale` char(12) COLLATE utf8_unicode_ci DEFAULT NULL,
  `urlParts` varchar(255) COLLATE utf8_unicode_ci NOT NULL,
  `urlPattern` varchar(255) COLLATE utf8_unicode_ci NOT NULL,
  `template` varchar(255) COLLATE utf8_unicode_ci NOT NULL,
  `sortOrder` smallint(6) unsigned DEFAULT NULL,
  `dateCreated` datetime NOT NULL,
  `dateUpdated` datetime NOT NULL,
  `uid` char(36) COLLATE utf8_unicode_ci NOT NULL DEFAULT '0',
  PRIMARY KEY (`id`),
  KEY `craft_routes_locale_idx` (`locale`),
  KEY `craft_routes_urlPattern_idx` (`urlPattern`)
) ENGINE=InnoDB DEFAULT CHARSET=utf8 COLLATE=utf8_unicode_ci;

DROP TABLE IF EXISTS `craft_searchindex`;


--
-- Schema for table `craft_searchindex`
--
CREATE TABLE `craft_searchindex` (
  `elementId` int(11) NOT NULL,
  `attribute` varchar(25) COLLATE utf8_unicode_ci NOT NULL,
  `fieldId` int(11) NOT NULL,
  `locale` char(12) COLLATE utf8_unicode_ci NOT NULL,
  `keywords` text COLLATE utf8_unicode_ci NOT NULL,
  PRIMARY KEY (`elementId`,`attribute`,`fieldId`,`locale`),
  FULLTEXT KEY `craft_searchindex_keywords_idx` (`keywords`)
) ENGINE=MyISAM DEFAULT CHARSET=utf8 COLLATE=utf8_unicode_ci;

--
-- Data for table `craft_searchindex`
--

INSERT INTO `craft_searchindex` (`elementId`, `attribute`, `fieldId`, `locale`, `keywords`) VALUES
 ('1', 'username', '0', 'en_us', ' tistro '),
 ('1', 'firstname', '0', 'en_us', ''),
 ('1', 'lastname', '0', 'en_us', ''),
 ('1', 'fullname', '0', 'en_us', ''),
 ('1', 'email', '0', 'en_us', ' keneiwemogotlane gmail com '),
 ('1', 'slug', '0', 'en_us', ''),
 ('8', 'field', '1', 'en_us', ''),
 ('16', 'slug', '0', 'en_us', ' about '),
 ('16', 'field', '1', 'en_us', ' calendar integration correlationtistro s unique calendar integration attendee availability correlation capabilities incorporates this critical data into the overall time activity information delivered into tistro cloud this enables reporting of the full scope of user activities interactions within the enterprise employee empowerment performance managementtistro performance profiling allows line management and human resources departments to review users work performance and work loading on an ongoing basis to establish any behavior anomalies that could affect productivity this allows organization to managing employee s wellbeing through identifying work life imbalances near real time user activity interpolationthrough interpolating a user s work rate what they are working on tistro can provide user productivity reporting data encryption encrypted all tistro data is encrypted at source using private public key encryption ppk automated user contractor time managementin the project environment tistro allows for automatically generated timesheets these can be easily allocated to projects or activities through the tistro cloud for non timesheet based users tistro provides powerful independent productivity reporting assisting in performance reviews this process can save thousands of man hours optimising the performance management process '),
 ('16', 'title', '0', 'en_us', ' key features '),
 ('6', 'slug', '0', 'en_us', ' downloads '),
 ('6', 'title', '0', 'en_us', ' downloads '),
 ('7', 'slug', '0', 'en_us', ' faq '),
 ('7', 'title', '0', 'en_us', ' faq '),
 ('8', 'slug', '0', 'en_us', ' testimonials '),
 ('8', 'title', '0', 'en_us', ' testimonials '),
 ('5', 'title', '0', 'en_us', ' contact us '),
 ('5', 'slug', '0', 'en_us', ' contact us '),
 ('4', 'slug', '0', 'en_us', ' home '),
 ('4', 'title', '0', 'en_us', ' home '),
 ('21', 'slug', '0', 'en_us', ' register '),
 ('21', 'title', '0', 'en_us', ' register '),
 ('29', 'username', '0', 'en_us', ' keneilwe '),
 ('29', 'firstname', '0', 'en_us', ''),
 ('29', 'lastname', '0', 'en_us', ''),
 ('29', 'fullname', '0', 'en_us', ''),
 ('29', 'email', '0', 'en_us', ' keneilwe code etal tech '),
 ('29', 'slug', '0', 'en_us', '');



DROP TABLE IF EXISTS `craft_sections`;


--
-- Schema for table `craft_sections`
--
CREATE TABLE `craft_sections` (
  `id` int(11) NOT NULL AUTO_INCREMENT,
  `structureId` int(11) DEFAULT NULL,
  `name` varchar(255) COLLATE utf8_unicode_ci NOT NULL,
  `handle` varchar(255) COLLATE utf8_unicode_ci NOT NULL,
  `type` enum('single','channel','structure') COLLATE utf8_unicode_ci NOT NULL DEFAULT 'channel',
  `hasUrls` tinyint(1) unsigned NOT NULL DEFAULT '1',
  `template` varchar(500) COLLATE utf8_unicode_ci DEFAULT NULL,
  `enableVersioning` tinyint(1) unsigned NOT NULL DEFAULT '0',
  `dateCreated` datetime NOT NULL,
  `dateUpdated` datetime NOT NULL,
  `uid` char(36) COLLATE utf8_unicode_ci NOT NULL DEFAULT '0',
  PRIMARY KEY (`id`),
  UNIQUE KEY `craft_sections_name_unq_idx` (`name`),
  UNIQUE KEY `craft_sections_handle_unq_idx` (`handle`),
  KEY `craft_sections_structureId_fk` (`structureId`)
) ENGINE=InnoDB AUTO_INCREMENT=13 DEFAULT CHARSET=utf8 COLLATE=utf8_unicode_ci;

--
-- Data for table `craft_sections`
--

INSERT INTO `craft_sections` (`id`, `structureId`, `name`, `handle`, `type`, `hasUrls`, `template`, `enableVersioning`, `dateCreated`, `dateUpdated`, `uid`) VALUES
 ('3', NULL, 'Home', 'home', 'single', '1', 'home', '1', '2017-10-02 09:02:08', '2017-10-02 09:02:08', '367d4e83-feda-4a79-8e6b-bb27d174f685'),
 ('4', NULL, 'Contact us', 'contactUs', 'single', '1', 'contact', '1', '2017-10-02 09:02:39', '2017-10-02 09:02:39', '099dbf5f-1055-4a50-b152-cbc6b1d86a31'),
 ('5', NULL, 'Downloads', 'downloads', 'single', '1', 'downloads', '1', '2017-10-02 09:02:56', '2017-10-02 10:26:18', 'b1a0f4c9-871c-43f6-9be4-bdcc994a5c1c'),
 ('6', NULL, 'FAQ', 'faq', 'single', '1', 'faq', '1', '2017-10-02 09:03:11', '2017-10-02 09:03:11', '41f51eb5-273f-42f1-b640-6c6b9c490da2'),
 ('7', NULL, 'Testimonials', 'testimonials', 'single', '1', 'testimonials', '1', '2017-10-02 09:06:40', '2017-10-02 09:06:40', '98f5406e-d07e-40e8-9bdd-6627a6c9eb6b'),
 ('9', NULL, 'Success', 'success', 'channel', '1', 'success', '1', '2017-10-02 12:09:31', '2017-10-02 12:09:31', '8c7e441e-6e35-4b80-b8fb-ff18a167c1e2'),
 ('10', NULL, 'Viewentry', 'viewentry', 'channel', '1', 'viewentry', '1', '2017-10-02 14:06:27', '2017-10-02 14:06:42', '6a96a58b-1a27-4ff9-9e7b-b55979259905'),
 ('11', NULL, 'About', 'about', 'single', '1', 'about', '1', '2017-10-23 10:14:49', '2017-10-23 10:14:49', '97b594a4-0f63-461d-8b78-fcc7ce617f2e'),
 ('12', NULL, 'Register', 'register', 'single', '1', 'register', '1', '2017-10-25 13:01:37', '2017-10-25 13:01:37', '6700bb11-4456-44ae-ba27-d3a3641aa39a');



DROP TABLE IF EXISTS `craft_sections_i18n`;


--
-- Schema for table `craft_sections_i18n`
--
CREATE TABLE `craft_sections_i18n` (
  `id` int(11) NOT NULL AUTO_INCREMENT,
  `sectionId` int(11) NOT NULL,
  `locale` char(12) COLLATE utf8_unicode_ci NOT NULL,
  `enabledByDefault` tinyint(1) unsigned NOT NULL DEFAULT '1',
  `urlFormat` text COLLATE utf8_unicode_ci,
  `nestedUrlFormat` text COLLATE utf8_unicode_ci,
  `dateCreated` datetime NOT NULL,
  `dateUpdated` datetime NOT NULL,
  `uid` char(36) COLLATE utf8_unicode_ci NOT NULL DEFAULT '0',
  PRIMARY KEY (`id`),
  UNIQUE KEY `craft_sections_i18n_sectionId_locale_unq_idx` (`sectionId`,`locale`),
  KEY `craft_sections_i18n_locale_fk` (`locale`)
) ENGINE=InnoDB AUTO_INCREMENT=13 DEFAULT CHARSET=utf8 COLLATE=utf8_unicode_ci;

--
-- Data for table `craft_sections_i18n`
--

INSERT INTO `craft_sections_i18n` (`id`, `sectionId`, `locale`, `enabledByDefault`, `urlFormat`, `nestedUrlFormat`, `dateCreated`, `dateUpdated`, `uid`) VALUES
 ('3', '3', 'en_us', '1', '__home__', NULL, '2017-10-02 09:02:08', '2017-10-02 09:02:08', 'b3c99bdf-3768-4b95-9674-78f971f64ee9'),
 ('4', '4', 'en_us', '1', 'contact-us', NULL, '2017-10-02 09:02:39', '2017-10-02 09:02:39', '21a8dd9d-f6ba-4a9c-b91e-ab3323412269'),
 ('5', '5', 'en_us', '1', 'downloads', NULL, '2017-10-02 09:02:56', '2017-10-02 09:02:56', 'cc6bd71c-79dd-4b1f-9be8-f83104cdd9fe'),
 ('6', '6', 'en_us', '1', 'faq', NULL, '2017-10-02 09:03:11', '2017-10-02 09:03:11', '243049cd-5155-4bd9-a5c1-19b99ee33828'),
 ('7', '7', 'en_us', '1', 'testimonials', NULL, '2017-10-02 09:06:40', '2017-10-02 09:06:40', 'fe8e8aeb-1043-4c69-b57c-c7b31d55034a'),
 ('9', '9', 'en_us', '1', 'success', NULL, '2017-10-02 12:09:31', '2017-10-02 12:09:31', '15ef95cd-b276-4957-a250-15da2b2e45a4'),
 ('10', '10', 'en_us', '1', 'viewentry/{slug}', NULL, '2017-10-02 14:06:27', '2017-10-02 14:06:27', 'd3f7171b-8fe0-4cd0-89ae-5848a4c6f7cb'),
 ('11', '11', 'en_us', '1', 'about', NULL, '2017-10-23 10:14:49', '2017-10-23 10:14:49', 'babb6bae-3947-465e-bbb8-b4a7cd85d5ee'),
 ('12', '12', 'en_us', '1', 'register', NULL, '2017-10-25 13:01:37', '2017-10-25 13:01:37', '89bb2db4-5bac-4689-8cea-64c0482650cd');



DROP TABLE IF EXISTS `craft_sessions`;


--
-- Schema for table `craft_sessions`
--
CREATE TABLE `craft_sessions` (
  `id` int(11) NOT NULL AUTO_INCREMENT,
  `userId` int(11) NOT NULL,
  `token` char(100) COLLATE utf8_unicode_ci NOT NULL,
  `dateCreated` datetime NOT NULL,
  `dateUpdated` datetime NOT NULL,
  `uid` char(36) COLLATE utf8_unicode_ci NOT NULL DEFAULT '0',
  PRIMARY KEY (`id`),
  KEY `craft_sessions_uid_idx` (`uid`),
  KEY `craft_sessions_token_idx` (`token`),
  KEY `craft_sessions_dateUpdated_idx` (`dateUpdated`),
  KEY `craft_sessions_userId_fk` (`userId`)
) ENGINE=InnoDB AUTO_INCREMENT=21 DEFAULT CHARSET=utf8 COLLATE=utf8_unicode_ci;

DROP TABLE IF EXISTS `craft_shunnedmessages`;


--
-- Schema for table `craft_shunnedmessages`
--
CREATE TABLE `craft_shunnedmessages` (
  `id` int(11) NOT NULL AUTO_INCREMENT,
  `userId` int(11) NOT NULL,
  `message` varchar(255) COLLATE utf8_unicode_ci NOT NULL,
  `expiryDate` datetime DEFAULT NULL,
  `dateCreated` datetime NOT NULL,
  `dateUpdated` datetime NOT NULL,
  `uid` char(36) COLLATE utf8_unicode_ci NOT NULL DEFAULT '0',
  PRIMARY KEY (`id`),
  UNIQUE KEY `craft_shunnedmessages_userId_message_unq_idx` (`userId`,`message`)
) ENGINE=InnoDB DEFAULT CHARSET=utf8 COLLATE=utf8_unicode_ci;

DROP TABLE IF EXISTS `craft_structureelements`;


--
-- Schema for table `craft_structureelements`
--
CREATE TABLE `craft_structureelements` (
  `id` int(11) NOT NULL AUTO_INCREMENT,
  `structureId` int(11) NOT NULL,
  `elementId` int(11) DEFAULT NULL,
  `root` int(11) unsigned DEFAULT NULL,
  `lft` int(11) unsigned NOT NULL,
  `rgt` int(11) unsigned NOT NULL,
  `level` smallint(6) unsigned NOT NULL,
  `dateCreated` datetime NOT NULL,
  `dateUpdated` datetime NOT NULL,
  `uid` char(36) COLLATE utf8_unicode_ci NOT NULL DEFAULT '0',
  PRIMARY KEY (`id`),
  UNIQUE KEY `craft_structureelements_structureId_elementId_unq_idx` (`structureId`,`elementId`),
  KEY `craft_structureelements_root_idx` (`root`),
  KEY `craft_structureelements_lft_idx` (`lft`),
  KEY `craft_structureelements_rgt_idx` (`rgt`),
  KEY `craft_structureelements_level_idx` (`level`),
  KEY `craft_structureelements_elementId_fk` (`elementId`)
) ENGINE=InnoDB DEFAULT CHARSET=utf8 COLLATE=utf8_unicode_ci;

DROP TABLE IF EXISTS `craft_structures`;


--
-- Schema for table `craft_structures`
--
CREATE TABLE `craft_structures` (
  `id` int(11) NOT NULL AUTO_INCREMENT,
  `maxLevels` smallint(6) unsigned DEFAULT NULL,
  `dateCreated` datetime NOT NULL,
  `dateUpdated` datetime NOT NULL,
  `uid` char(36) COLLATE utf8_unicode_ci NOT NULL DEFAULT '0',
  PRIMARY KEY (`id`)
) ENGINE=InnoDB DEFAULT CHARSET=utf8 COLLATE=utf8_unicode_ci;

DROP TABLE IF EXISTS `craft_systemsettings`;


--
-- Schema for table `craft_systemsettings`
--
CREATE TABLE `craft_systemsettings` (
  `id` int(11) NOT NULL AUTO_INCREMENT,
  `category` varchar(15) COLLATE utf8_unicode_ci NOT NULL,
  `settings` text COLLATE utf8_unicode_ci,
  `dateCreated` datetime NOT NULL,
  `dateUpdated` datetime NOT NULL,
  `uid` char(36) COLLATE utf8_unicode_ci NOT NULL DEFAULT '0',
  PRIMARY KEY (`id`),
  UNIQUE KEY `craft_systemsettings_category_unq_idx` (`category`)
) ENGINE=InnoDB AUTO_INCREMENT=3 DEFAULT CHARSET=utf8 COLLATE=utf8_unicode_ci;

--
-- Data for table `craft_systemsettings`
--

INSERT INTO `craft_systemsettings` (`id`, `category`, `settings`, `dateCreated`, `dateUpdated`, `uid`) VALUES
 ('1', 'email', '{\"protocol\":\"php\",\"emailAddress\":\"Keneiwemogotlane@gmail.com\",\"senderName\":\"Tistro\"}', '2017-10-02 08:50:18', '2017-10-02 08:50:18', '15b1996d-5de6-4d49-8d77-3d9e0086ef55'),
 ('2', 'users', '{\"requireEmailVerification\":1,\"allowPublicRegistration\":1,\"defaultGroup\":\"2\"}', '2017-10-02 12:06:06', '2017-10-26 12:06:08', 'ae8a7e65-f563-4bc8-9874-b82ef386388a');



DROP TABLE IF EXISTS `craft_taggroups`;


--
-- Schema for table `craft_taggroups`
--
CREATE TABLE `craft_taggroups` (
  `id` int(11) NOT NULL AUTO_INCREMENT,
  `name` varchar(255) COLLATE utf8_unicode_ci NOT NULL,
  `handle` varchar(255) COLLATE utf8_unicode_ci NOT NULL,
  `fieldLayoutId` int(11) DEFAULT NULL,
  `dateCreated` datetime NOT NULL,
  `dateUpdated` datetime NOT NULL,
  `uid` char(36) COLLATE utf8_unicode_ci NOT NULL DEFAULT '0',
  PRIMARY KEY (`id`),
  UNIQUE KEY `craft_taggroups_name_unq_idx` (`name`),
  UNIQUE KEY `craft_taggroups_handle_unq_idx` (`handle`),
  KEY `craft_taggroups_fieldLayoutId_fk` (`fieldLayoutId`)
) ENGINE=InnoDB AUTO_INCREMENT=2 DEFAULT CHARSET=utf8 COLLATE=utf8_unicode_ci;

--
-- Data for table `craft_taggroups`
--

INSERT INTO `craft_taggroups` (`id`, `name`, `handle`, `fieldLayoutId`, `dateCreated`, `dateUpdated`, `uid`) VALUES
 ('1', 'Default', 'default', '1', '2017-10-02 08:50:18', '2017-10-02 08:50:18', '2feadfe9-3d7e-47b3-babc-0b2e08780d95');



DROP TABLE IF EXISTS `craft_tags`;


--
-- Schema for table `craft_tags`
--
CREATE TABLE `craft_tags` (
  `id` int(11) NOT NULL,
  `groupId` int(11) NOT NULL,
  `dateCreated` datetime NOT NULL,
  `dateUpdated` datetime NOT NULL,
  `uid` char(36) COLLATE utf8_unicode_ci NOT NULL DEFAULT '0',
  PRIMARY KEY (`id`),
  KEY `craft_tags_groupId_fk` (`groupId`)
) ENGINE=InnoDB DEFAULT CHARSET=utf8 COLLATE=utf8_unicode_ci;

DROP TABLE IF EXISTS `craft_tasks`;


--
-- Schema for table `craft_tasks`
--
CREATE TABLE `craft_tasks` (
  `id` int(11) NOT NULL AUTO_INCREMENT,
  `root` int(11) unsigned DEFAULT NULL,
  `lft` int(11) unsigned NOT NULL,
  `rgt` int(11) unsigned NOT NULL,
  `level` smallint(6) unsigned NOT NULL,
  `currentStep` int(11) unsigned DEFAULT NULL,
  `totalSteps` int(11) unsigned DEFAULT NULL,
  `status` enum('pending','error','running') COLLATE utf8_unicode_ci DEFAULT NULL,
  `type` varchar(150) COLLATE utf8_unicode_ci NOT NULL,
  `description` varchar(255) COLLATE utf8_unicode_ci DEFAULT NULL,
  `settings` mediumtext COLLATE utf8_unicode_ci,
  `dateCreated` datetime NOT NULL,
  `dateUpdated` datetime NOT NULL,
  `uid` char(36) COLLATE utf8_unicode_ci NOT NULL DEFAULT '0',
  PRIMARY KEY (`id`),
  KEY `craft_tasks_root_idx` (`root`),
  KEY `craft_tasks_lft_idx` (`lft`),
  KEY `craft_tasks_rgt_idx` (`rgt`),
  KEY `craft_tasks_level_idx` (`level`)
) ENGINE=InnoDB AUTO_INCREMENT=6 DEFAULT CHARSET=utf8 COLLATE=utf8_unicode_ci;

DROP TABLE IF EXISTS `craft_templatecachecriteria`;


--
-- Schema for table `craft_templatecachecriteria`
--
CREATE TABLE `craft_templatecachecriteria` (
  `id` int(11) NOT NULL AUTO_INCREMENT,
  `cacheId` int(11) NOT NULL,
  `type` varchar(150) COLLATE utf8_unicode_ci NOT NULL,
  `criteria` text COLLATE utf8_unicode_ci NOT NULL,
  PRIMARY KEY (`id`),
  KEY `craft_templatecachecriteria_cacheId_fk` (`cacheId`),
  KEY `craft_templatecachecriteria_type_idx` (`type`)
) ENGINE=InnoDB DEFAULT CHARSET=utf8 COLLATE=utf8_unicode_ci;

DROP TABLE IF EXISTS `craft_templatecacheelements`;


--
-- Schema for table `craft_templatecacheelements`
--
CREATE TABLE `craft_templatecacheelements` (
  `cacheId` int(11) NOT NULL,
  `elementId` int(11) NOT NULL,
  KEY `craft_templatecacheelements_cacheId_fk` (`cacheId`),
  KEY `craft_templatecacheelements_elementId_fk` (`elementId`)
) ENGINE=InnoDB DEFAULT CHARSET=utf8 COLLATE=utf8_unicode_ci;

DROP TABLE IF EXISTS `craft_templatecaches`;


--
-- Schema for table `craft_templatecaches`
--
CREATE TABLE `craft_templatecaches` (
  `id` int(11) NOT NULL AUTO_INCREMENT,
  `cacheKey` varchar(255) COLLATE utf8_unicode_ci NOT NULL,
  `locale` char(12) COLLATE utf8_unicode_ci NOT NULL,
  `path` varchar(255) COLLATE utf8_unicode_ci DEFAULT NULL,
  `expiryDate` datetime NOT NULL,
  `body` mediumtext COLLATE utf8_unicode_ci NOT NULL,
  PRIMARY KEY (`id`),
  KEY `craft_templatecaches_expiryDate_cacheKey_locale_path_idx` (`expiryDate`,`cacheKey`,`locale`,`path`),
  KEY `craft_templatecaches_locale_fk` (`locale`)
) ENGINE=InnoDB DEFAULT CHARSET=utf8 COLLATE=utf8_unicode_ci;

DROP TABLE IF EXISTS `craft_tokens`;


--
-- Schema for table `craft_tokens`
--
CREATE TABLE `craft_tokens` (
  `id` int(11) NOT NULL AUTO_INCREMENT,
  `token` char(32) COLLATE utf8_unicode_ci NOT NULL,
  `route` text COLLATE utf8_unicode_ci,
  `usageLimit` tinyint(3) unsigned DEFAULT NULL,
  `usageCount` tinyint(3) unsigned DEFAULT NULL,
  `expiryDate` datetime NOT NULL,
  `dateCreated` datetime NOT NULL,
  `dateUpdated` datetime NOT NULL,
  `uid` char(36) COLLATE utf8_unicode_ci NOT NULL DEFAULT '0',
  PRIMARY KEY (`id`),
  UNIQUE KEY `craft_tokens_token_unq_idx` (`token`),
  KEY `craft_tokens_expiryDate_idx` (`expiryDate`)
) ENGINE=InnoDB DEFAULT CHARSET=utf8 COLLATE=utf8_unicode_ci;

DROP TABLE IF EXISTS `craft_usergroups`;


--
-- Schema for table `craft_usergroups`
--
CREATE TABLE `craft_usergroups` (
  `id` int(11) NOT NULL AUTO_INCREMENT,
  `name` varchar(255) COLLATE utf8_unicode_ci NOT NULL,
  `handle` varchar(255) COLLATE utf8_unicode_ci NOT NULL,
  `dateCreated` datetime NOT NULL,
  `dateUpdated` datetime NOT NULL,
  `uid` char(36) COLLATE utf8_unicode_ci NOT NULL DEFAULT '0',
  PRIMARY KEY (`id`),
  UNIQUE KEY `craft_usergroups_name_unq_idx` (`name`),
  UNIQUE KEY `craft_usergroups_handle_unq_idx` (`handle`)
) ENGINE=InnoDB AUTO_INCREMENT=3 DEFAULT CHARSET=utf8 COLLATE=utf8_unicode_ci;

--
-- Data for table `craft_usergroups`
--

INSERT INTO `craft_usergroups` (`id`, `name`, `handle`, `dateCreated`, `dateUpdated`, `uid`) VALUES
 ('2', 'Register', 'register', '2017-10-26 12:05:53', '2017-10-26 12:05:53', 'b4bb6e58-6d1f-4547-92ec-bf013286eb75');



DROP TABLE IF EXISTS `craft_usergroups_users`;


--
-- Schema for table `craft_usergroups_users`
--
CREATE TABLE `craft_usergroups_users` (
  `id` int(11) NOT NULL AUTO_INCREMENT,
  `groupId` int(11) NOT NULL,
  `userId` int(11) NOT NULL,
  `dateCreated` datetime NOT NULL,
  `dateUpdated` datetime NOT NULL,
  `uid` char(36) COLLATE utf8_unicode_ci NOT NULL DEFAULT '0',
  PRIMARY KEY (`id`),
  UNIQUE KEY `craft_usergroups_users_groupId_userId_unq_idx` (`groupId`,`userId`),
  KEY `craft_usergroups_users_userId_fk` (`userId`)
) ENGINE=InnoDB AUTO_INCREMENT=4 DEFAULT CHARSET=utf8 COLLATE=utf8_unicode_ci;

DROP TABLE IF EXISTS `craft_userpermissions`;


--
-- Schema for table `craft_userpermissions`
--
CREATE TABLE `craft_userpermissions` (
  `id` int(11) NOT NULL AUTO_INCREMENT,
  `name` varchar(255) COLLATE utf8_unicode_ci NOT NULL,
  `dateCreated` datetime NOT NULL,
  `dateUpdated` datetime NOT NULL,
  `uid` char(36) COLLATE utf8_unicode_ci NOT NULL DEFAULT '0',
  PRIMARY KEY (`id`),
  UNIQUE KEY `craft_userpermissions_name_unq_idx` (`name`)
) ENGINE=InnoDB AUTO_INCREMENT=3 DEFAULT CHARSET=utf8 COLLATE=utf8_unicode_ci;

--
-- Data for table `craft_userpermissions`
--

INSERT INTO `craft_userpermissions` (`id`, `name`, `dateCreated`, `dateUpdated`, `uid`) VALUES
 ('1', 'editentries:6', '2017-10-02 14:10:17', '2017-10-02 14:10:17', '845606d6-ac6b-471c-bd26-fb56371f9ea3'),
 ('2', 'editentries:10', '2017-10-02 14:10:17', '2017-10-02 14:10:17', 'e64758e8-cffa-444b-92a3-150c32c8a16f');



DROP TABLE IF EXISTS `craft_userpermissions_usergroups`;


--
-- Schema for table `craft_userpermissions_usergroups`
--
CREATE TABLE `craft_userpermissions_usergroups` (
  `id` int(11) NOT NULL AUTO_INCREMENT,
  `permissionId` int(11) NOT NULL,
  `groupId` int(11) NOT NULL,
  `dateCreated` datetime NOT NULL,
  `dateUpdated` datetime NOT NULL,
  `uid` char(36) COLLATE utf8_unicode_ci NOT NULL DEFAULT '0',
  PRIMARY KEY (`id`),
  UNIQUE KEY `craft_userpermissions_usergroups_permissionId_groupId_unq_idx` (`permissionId`,`groupId`),
  KEY `craft_userpermissions_usergroups_groupId_fk` (`groupId`)
) ENGINE=InnoDB AUTO_INCREMENT=7 DEFAULT CHARSET=utf8 COLLATE=utf8_unicode_ci;

DROP TABLE IF EXISTS `craft_userpermissions_users`;


--
-- Schema for table `craft_userpermissions_users`
--
CREATE TABLE `craft_userpermissions_users` (
  `id` int(11) NOT NULL AUTO_INCREMENT,
  `permissionId` int(11) NOT NULL,
  `userId` int(11) NOT NULL,
  `dateCreated` datetime NOT NULL,
  `dateUpdated` datetime NOT NULL,
  `uid` char(36) COLLATE utf8_unicode_ci NOT NULL DEFAULT '0',
  PRIMARY KEY (`id`),
  UNIQUE KEY `craft_userpermissions_users_permissionId_userId_unq_idx` (`permissionId`,`userId`),
  KEY `craft_userpermissions_users_userId_fk` (`userId`)
) ENGINE=InnoDB DEFAULT CHARSET=utf8 COLLATE=utf8_unicode_ci;

DROP TABLE IF EXISTS `craft_users`;


--
-- Schema for table `craft_users`
--
CREATE TABLE `craft_users` (
  `id` int(11) NOT NULL,
  `username` varchar(100) COLLATE utf8_unicode_ci NOT NULL,
  `photo` varchar(100) COLLATE utf8_unicode_ci DEFAULT NULL,
  `firstName` varchar(100) COLLATE utf8_unicode_ci DEFAULT NULL,
  `lastName` varchar(100) COLLATE utf8_unicode_ci DEFAULT NULL,
  `email` varchar(255) COLLATE utf8_unicode_ci NOT NULL,
  `password` char(255) COLLATE utf8_unicode_ci DEFAULT NULL,
  `preferredLocale` char(12) COLLATE utf8_unicode_ci DEFAULT NULL,
  `weekStartDay` tinyint(1) unsigned NOT NULL DEFAULT '0',
  `admin` tinyint(1) unsigned NOT NULL DEFAULT '0',
  `client` tinyint(1) unsigned NOT NULL DEFAULT '0',
  `locked` tinyint(1) unsigned NOT NULL DEFAULT '0',
  `suspended` tinyint(1) unsigned NOT NULL DEFAULT '0',
  `pending` tinyint(1) unsigned NOT NULL DEFAULT '0',
  `archived` tinyint(1) unsigned NOT NULL DEFAULT '0',
  `lastLoginDate` datetime DEFAULT NULL,
  `lastLoginAttemptIPAddress` varchar(45) COLLATE utf8_unicode_ci DEFAULT NULL,
  `invalidLoginWindowStart` datetime DEFAULT NULL,
  `invalidLoginCount` tinyint(4) unsigned DEFAULT NULL,
  `lastInvalidLoginDate` datetime DEFAULT NULL,
  `lockoutDate` datetime DEFAULT NULL,
  `verificationCode` char(100) COLLATE utf8_unicode_ci DEFAULT NULL,
  `verificationCodeIssuedDate` datetime DEFAULT NULL,
  `unverifiedEmail` varchar(255) COLLATE utf8_unicode_ci DEFAULT NULL,
  `passwordResetRequired` tinyint(1) unsigned NOT NULL DEFAULT '0',
  `lastPasswordChangeDate` datetime DEFAULT NULL,
  `dateCreated` datetime NOT NULL,
  `dateUpdated` datetime NOT NULL,
  `uid` char(36) COLLATE utf8_unicode_ci NOT NULL DEFAULT '0',
  PRIMARY KEY (`id`),
  UNIQUE KEY `craft_users_username_unq_idx` (`username`),
  UNIQUE KEY `craft_users_email_unq_idx` (`email`),
  KEY `craft_users_verificationCode_idx` (`verificationCode`),
  KEY `craft_users_uid_idx` (`uid`),
  KEY `craft_users_preferredLocale_fk` (`preferredLocale`)
) ENGINE=InnoDB DEFAULT CHARSET=utf8 COLLATE=utf8_unicode_ci;

--
-- Data for table `craft_users`
--

INSERT INTO `craft_users` (`id`, `username`, `photo`, `firstName`, `lastName`, `email`, `password`, `preferredLocale`, `weekStartDay`, `admin`, `client`, `locked`, `suspended`, `pending`, `archived`, `lastLoginDate`, `lastLoginAttemptIPAddress`, `invalidLoginWindowStart`, `invalidLoginCount`, `lastInvalidLoginDate`, `lockoutDate`, `verificationCode`, `verificationCodeIssuedDate`, `unverifiedEmail`, `passwordResetRequired`, `lastPasswordChangeDate`, `dateCreated`, `dateUpdated`, `uid`) VALUES
 ('1', 'Tistro', NULL, NULL, NULL, 'Keneiwemogotlane@gmail.com', '$2y$13$tKgn89JsIZVp/2WR7F6pEuiDmFMyKbrzGoRjKeAPo6z0WTDenWyqe', NULL, '0', '1', '0', '0', '0', '0', '0', '2017-10-26 10:52:55', '::1', NULL, NULL, '2017-10-26 10:52:41', NULL, NULL, NULL, NULL, '0', '2017-10-02 08:50:15', '2017-10-02 08:50:16', '2017-10-26 10:52:55', '21049503-4075-4654-8375-fd4e25f38063'),
 ('29', 'keneilwe', NULL, NULL, NULL, 'keneilwe@code-etal.tech', NULL, NULL, '0', '0', '0', '0', '0', '1', '0', NULL, NULL, NULL, NULL, NULL, NULL, NULL, NULL, NULL, '0', NULL, '2017-10-26 10:56:26', '2017-10-26 10:56:26', 'd0fd2ac8-c7d8-4338-9e7b-dc477a7df96d');



DROP TABLE IF EXISTS `craft_widgets`;


--
-- Schema for table `craft_widgets`
--
CREATE TABLE `craft_widgets` (
  `id` int(11) NOT NULL AUTO_INCREMENT,
  `userId` int(11) NOT NULL,
  `type` varchar(150) COLLATE utf8_unicode_ci NOT NULL,
  `sortOrder` smallint(6) unsigned DEFAULT NULL,
  `colspan` tinyint(4) unsigned DEFAULT NULL,
  `settings` text COLLATE utf8_unicode_ci,
  `enabled` tinyint(1) unsigned NOT NULL DEFAULT '1',
  `dateCreated` datetime NOT NULL,
  `dateUpdated` datetime NOT NULL,
  `uid` char(36) COLLATE utf8_unicode_ci NOT NULL DEFAULT '0',
  PRIMARY KEY (`id`),
  KEY `craft_widgets_userId_fk` (`userId`)
) ENGINE=InnoDB AUTO_INCREMENT=5 DEFAULT CHARSET=utf8 COLLATE=utf8_unicode_ci;

--
-- Data for table `craft_widgets`
--

INSERT INTO `craft_widgets` (`id`, `userId`, `type`, `sortOrder`, `colspan`, `settings`, `enabled`, `dateCreated`, `dateUpdated`, `uid`) VALUES
 ('1', '1', 'RecentEntries', '1', NULL, NULL, '1', '2017-10-02 08:51:22', '2017-10-02 08:51:22', '4b464b60-ba99-46bc-887f-7532bde44174'),
 ('2', '1', 'GetHelp', '2', NULL, NULL, '1', '2017-10-02 08:51:22', '2017-10-02 08:51:22', '68e19ef1-36aa-4798-ab38-c4020491ac6f'),
 ('3', '1', 'Updates', '3', NULL, NULL, '1', '2017-10-02 08:51:22', '2017-10-02 08:51:22', 'dfd8bde7-95b5-4020-ac9d-09f57c702b91'),
 ('4', '1', 'Feed', '4', NULL, '{\"url\":\"https:\\/\\/craftcms.com\\/news.rss\",\"title\":\"Craft News\"}', '1', '2017-10-02 08:51:22', '2017-10-02 08:51:22', '60e1b8cf-3936-4742-92fa-70e646145c3f');


--
-- Constraints for tables
--


--
-- Constraints for table `craft_assetfiles`
--
ALTER TABLE `craft_assetfiles`
	ADD CONSTRAINT `craft_assetfiles_folderId_fk` FOREIGN KEY (`folderId`) REFERENCES `craft_assetfolders` (`id`) ON DELETE CASCADE,
	ADD CONSTRAINT `craft_assetfiles_id_fk` FOREIGN KEY (`id`) REFERENCES `craft_elements` (`id`) ON DELETE CASCADE,
	ADD CONSTRAINT `craft_assetfiles_sourceId_fk` FOREIGN KEY (`sourceId`) REFERENCES `craft_assetsources` (`id`) ON DELETE CASCADE;

--
-- Constraints for table `craft_assetfolders`
--
ALTER TABLE `craft_assetfolders`
	ADD CONSTRAINT `craft_assetfolders_parentId_fk` FOREIGN KEY (`parentId`) REFERENCES `craft_assetfolders` (`id`) ON DELETE CASCADE,
	ADD CONSTRAINT `craft_assetfolders_sourceId_fk` FOREIGN KEY (`sourceId`) REFERENCES `craft_assetsources` (`id`) ON DELETE CASCADE;

--
-- Constraints for table `craft_assetindexdata`
--
ALTER TABLE `craft_assetindexdata`
	ADD CONSTRAINT `craft_assetindexdata_sourceId_fk` FOREIGN KEY (`sourceId`) REFERENCES `craft_assetsources` (`id`) ON DELETE CASCADE;

--
-- Constraints for table `craft_assetsources`
--
ALTER TABLE `craft_assetsources`
	ADD CONSTRAINT `craft_assetsources_fieldLayoutId_fk` FOREIGN KEY (`fieldLayoutId`) REFERENCES `craft_fieldlayouts` (`id`) ON DELETE SET NULL;

--
-- Constraints for table `craft_categories`
--
ALTER TABLE `craft_categories`
	ADD CONSTRAINT `craft_categories_groupId_fk` FOREIGN KEY (`groupId`) REFERENCES `craft_categorygroups` (`id`) ON DELETE CASCADE,
	ADD CONSTRAINT `craft_categories_id_fk` FOREIGN KEY (`id`) REFERENCES `craft_elements` (`id`) ON DELETE CASCADE;

--
-- Constraints for table `craft_categorygroups`
--
ALTER TABLE `craft_categorygroups`
	ADD CONSTRAINT `craft_categorygroups_fieldLayoutId_fk` FOREIGN KEY (`fieldLayoutId`) REFERENCES `craft_fieldlayouts` (`id`) ON DELETE SET NULL,
	ADD CONSTRAINT `craft_categorygroups_structureId_fk` FOREIGN KEY (`structureId`) REFERENCES `craft_structures` (`id`) ON DELETE CASCADE;

--
-- Constraints for table `craft_categorygroups_i18n`
--
ALTER TABLE `craft_categorygroups_i18n`
	ADD CONSTRAINT `craft_categorygroups_i18n_groupId_fk` FOREIGN KEY (`groupId`) REFERENCES `craft_categorygroups` (`id`) ON DELETE CASCADE,
	ADD CONSTRAINT `craft_categorygroups_i18n_locale_fk` FOREIGN KEY (`locale`) REFERENCES `craft_locales` (`locale`) ON DELETE CASCADE ON UPDATE CASCADE;

--
-- Constraints for table `craft_content`
--
ALTER TABLE `craft_content`
	ADD CONSTRAINT `craft_content_elementId_fk` FOREIGN KEY (`elementId`) REFERENCES `craft_elements` (`id`) ON DELETE CASCADE,
	ADD CONSTRAINT `craft_content_locale_fk` FOREIGN KEY (`locale`) REFERENCES `craft_locales` (`locale`) ON DELETE CASCADE ON UPDATE CASCADE;

--
-- Constraints for table `craft_elements_i18n`
--
ALTER TABLE `craft_elements_i18n`
	ADD CONSTRAINT `craft_elements_i18n_elementId_fk` FOREIGN KEY (`elementId`) REFERENCES `craft_elements` (`id`) ON DELETE CASCADE,
	ADD CONSTRAINT `craft_elements_i18n_locale_fk` FOREIGN KEY (`locale`) REFERENCES `craft_locales` (`locale`) ON DELETE CASCADE ON UPDATE CASCADE;

--
-- Constraints for table `craft_emailmessages`
--
ALTER TABLE `craft_emailmessages`
	ADD CONSTRAINT `craft_emailmessages_locale_fk` FOREIGN KEY (`locale`) REFERENCES `craft_locales` (`locale`) ON DELETE CASCADE ON UPDATE CASCADE;

--
-- Constraints for table `craft_entries`
--
ALTER TABLE `craft_entries`
	ADD CONSTRAINT `craft_entries_authorId_fk` FOREIGN KEY (`authorId`) REFERENCES `craft_users` (`id`) ON DELETE CASCADE,
	ADD CONSTRAINT `craft_entries_id_fk` FOREIGN KEY (`id`) REFERENCES `craft_elements` (`id`) ON DELETE CASCADE,
	ADD CONSTRAINT `craft_entries_sectionId_fk` FOREIGN KEY (`sectionId`) REFERENCES `craft_sections` (`id`) ON DELETE CASCADE,
	ADD CONSTRAINT `craft_entries_typeId_fk` FOREIGN KEY (`typeId`) REFERENCES `craft_entrytypes` (`id`) ON DELETE CASCADE;

--
-- Constraints for table `craft_entrydrafts`
--
ALTER TABLE `craft_entrydrafts`
	ADD CONSTRAINT `craft_entrydrafts_creatorId_fk` FOREIGN KEY (`creatorId`) REFERENCES `craft_users` (`id`) ON DELETE CASCADE,
	ADD CONSTRAINT `craft_entrydrafts_entryId_fk` FOREIGN KEY (`entryId`) REFERENCES `craft_entries` (`id`) ON DELETE CASCADE,
	ADD CONSTRAINT `craft_entrydrafts_locale_fk` FOREIGN KEY (`locale`) REFERENCES `craft_locales` (`locale`) ON DELETE CASCADE ON UPDATE CASCADE,
	ADD CONSTRAINT `craft_entrydrafts_sectionId_fk` FOREIGN KEY (`sectionId`) REFERENCES `craft_sections` (`id`) ON DELETE CASCADE;

--
-- Constraints for table `craft_entrytypes`
--
ALTER TABLE `craft_entrytypes`
	ADD CONSTRAINT `craft_entrytypes_fieldLayoutId_fk` FOREIGN KEY (`fieldLayoutId`) REFERENCES `craft_fieldlayouts` (`id`) ON DELETE SET NULL,
	ADD CONSTRAINT `craft_entrytypes_sectionId_fk` FOREIGN KEY (`sectionId`) REFERENCES `craft_sections` (`id`) ON DELETE CASCADE;

--
-- Constraints for table `craft_entryversions`
--
ALTER TABLE `craft_entryversions`
	ADD CONSTRAINT `craft_entryversions_creatorId_fk` FOREIGN KEY (`creatorId`) REFERENCES `craft_users` (`id`) ON DELETE SET NULL,
	ADD CONSTRAINT `craft_entryversions_entryId_fk` FOREIGN KEY (`entryId`) REFERENCES `craft_entries` (`id`) ON DELETE CASCADE,
	ADD CONSTRAINT `craft_entryversions_locale_fk` FOREIGN KEY (`locale`) REFERENCES `craft_locales` (`locale`) ON DELETE CASCADE ON UPDATE CASCADE,
	ADD CONSTRAINT `craft_entryversions_sectionId_fk` FOREIGN KEY (`sectionId`) REFERENCES `craft_sections` (`id`) ON DELETE CASCADE;

--
-- Constraints for table `craft_fieldlayoutfields`
--
ALTER TABLE `craft_fieldlayoutfields`
	ADD CONSTRAINT `craft_fieldlayoutfields_fieldId_fk` FOREIGN KEY (`fieldId`) REFERENCES `craft_fields` (`id`) ON DELETE CASCADE,
	ADD CONSTRAINT `craft_fieldlayoutfields_layoutId_fk` FOREIGN KEY (`layoutId`) REFERENCES `craft_fieldlayouts` (`id`) ON DELETE CASCADE,
	ADD CONSTRAINT `craft_fieldlayoutfields_tabId_fk` FOREIGN KEY (`tabId`) REFERENCES `craft_fieldlayouttabs` (`id`) ON DELETE CASCADE;

--
-- Constraints for table `craft_fieldlayouttabs`
--
ALTER TABLE `craft_fieldlayouttabs`
	ADD CONSTRAINT `craft_fieldlayouttabs_layoutId_fk` FOREIGN KEY (`layoutId`) REFERENCES `craft_fieldlayouts` (`id`) ON DELETE CASCADE;

--
-- Constraints for table `craft_fields`
--
ALTER TABLE `craft_fields`
	ADD CONSTRAINT `craft_fields_groupId_fk` FOREIGN KEY (`groupId`) REFERENCES `craft_fieldgroups` (`id`) ON DELETE CASCADE;

--
-- Constraints for table `craft_globalsets`
--
ALTER TABLE `craft_globalsets`
	ADD CONSTRAINT `craft_globalsets_fieldLayoutId_fk` FOREIGN KEY (`fieldLayoutId`) REFERENCES `craft_fieldlayouts` (`id`) ON DELETE SET NULL,
	ADD CONSTRAINT `craft_globalsets_id_fk` FOREIGN KEY (`id`) REFERENCES `craft_elements` (`id`) ON DELETE CASCADE;

--
-- Constraints for table `craft_matrixblocks`
--
ALTER TABLE `craft_matrixblocks`
	ADD CONSTRAINT `craft_matrixblocks_fieldId_fk` FOREIGN KEY (`fieldId`) REFERENCES `craft_fields` (`id`) ON DELETE CASCADE,
	ADD CONSTRAINT `craft_matrixblocks_id_fk` FOREIGN KEY (`id`) REFERENCES `craft_elements` (`id`) ON DELETE CASCADE,
	ADD CONSTRAINT `craft_matrixblocks_ownerId_fk` FOREIGN KEY (`ownerId`) REFERENCES `craft_elements` (`id`) ON DELETE CASCADE,
	ADD CONSTRAINT `craft_matrixblocks_ownerLocale_fk` FOREIGN KEY (`ownerLocale`) REFERENCES `craft_locales` (`locale`) ON DELETE CASCADE ON UPDATE CASCADE,
	ADD CONSTRAINT `craft_matrixblocks_typeId_fk` FOREIGN KEY (`typeId`) REFERENCES `craft_matrixblocktypes` (`id`) ON DELETE CASCADE;

--
-- Constraints for table `craft_matrixblocktypes`
--
ALTER TABLE `craft_matrixblocktypes`
	ADD CONSTRAINT `craft_matrixblocktypes_fieldId_fk` FOREIGN KEY (`fieldId`) REFERENCES `craft_fields` (`id`) ON DELETE CASCADE,
	ADD CONSTRAINT `craft_matrixblocktypes_fieldLayoutId_fk` FOREIGN KEY (`fieldLayoutId`) REFERENCES `craft_fieldlayouts` (`id`) ON DELETE SET NULL;

--
-- Constraints for table `craft_migrations`
--
ALTER TABLE `craft_migrations`
	ADD CONSTRAINT `craft_migrations_pluginId_fk` FOREIGN KEY (`pluginId`) REFERENCES `craft_plugins` (`id`) ON DELETE CASCADE;

--
-- Constraints for table `craft_relations`
--
ALTER TABLE `craft_relations`
	ADD CONSTRAINT `craft_relations_fieldId_fk` FOREIGN KEY (`fieldId`) REFERENCES `craft_fields` (`id`) ON DELETE CASCADE,
	ADD CONSTRAINT `craft_relations_sourceId_fk` FOREIGN KEY (`sourceId`) REFERENCES `craft_elements` (`id`) ON DELETE CASCADE,
	ADD CONSTRAINT `craft_relations_sourceLocale_fk` FOREIGN KEY (`sourceLocale`) REFERENCES `craft_locales` (`locale`) ON DELETE CASCADE ON UPDATE CASCADE,
	ADD CONSTRAINT `craft_relations_targetId_fk` FOREIGN KEY (`targetId`) REFERENCES `craft_elements` (`id`) ON DELETE CASCADE;

--
-- Constraints for table `craft_routes`
--
ALTER TABLE `craft_routes`
	ADD CONSTRAINT `craft_routes_locale_fk` FOREIGN KEY (`locale`) REFERENCES `craft_locales` (`locale`) ON DELETE CASCADE ON UPDATE CASCADE;

--
-- Constraints for table `craft_sections`
--
ALTER TABLE `craft_sections`
	ADD CONSTRAINT `craft_sections_structureId_fk` FOREIGN KEY (`structureId`) REFERENCES `craft_structures` (`id`) ON DELETE SET NULL;

--
-- Constraints for table `craft_sections_i18n`
--
ALTER TABLE `craft_sections_i18n`
	ADD CONSTRAINT `craft_sections_i18n_locale_fk` FOREIGN KEY (`locale`) REFERENCES `craft_locales` (`locale`) ON DELETE CASCADE ON UPDATE CASCADE,
	ADD CONSTRAINT `craft_sections_i18n_sectionId_fk` FOREIGN KEY (`sectionId`) REFERENCES `craft_sections` (`id`) ON DELETE CASCADE;

--
-- Constraints for table `craft_sessions`
--
ALTER TABLE `craft_sessions`
	ADD CONSTRAINT `craft_sessions_userId_fk` FOREIGN KEY (`userId`) REFERENCES `craft_users` (`id`) ON DELETE CASCADE;

--
-- Constraints for table `craft_shunnedmessages`
--
ALTER TABLE `craft_shunnedmessages`
	ADD CONSTRAINT `craft_shunnedmessages_userId_fk` FOREIGN KEY (`userId`) REFERENCES `craft_users` (`id`) ON DELETE CASCADE;

--
-- Constraints for table `craft_structureelements`
--
ALTER TABLE `craft_structureelements`
	ADD CONSTRAINT `craft_structureelements_elementId_fk` FOREIGN KEY (`elementId`) REFERENCES `craft_elements` (`id`) ON DELETE CASCADE,
	ADD CONSTRAINT `craft_structureelements_structureId_fk` FOREIGN KEY (`structureId`) REFERENCES `craft_structures` (`id`) ON DELETE CASCADE;

--
-- Constraints for table `craft_taggroups`
--
ALTER TABLE `craft_taggroups`
	ADD CONSTRAINT `craft_taggroups_fieldLayoutId_fk` FOREIGN KEY (`fieldLayoutId`) REFERENCES `craft_fieldlayouts` (`id`) ON DELETE SET NULL;

--
-- Constraints for table `craft_tags`
--
ALTER TABLE `craft_tags`
	ADD CONSTRAINT `craft_tags_groupId_fk` FOREIGN KEY (`groupId`) REFERENCES `craft_taggroups` (`id`) ON DELETE CASCADE,
	ADD CONSTRAINT `craft_tags_id_fk` FOREIGN KEY (`id`) REFERENCES `craft_elements` (`id`) ON DELETE CASCADE;

--
-- Constraints for table `craft_templatecachecriteria`
--
ALTER TABLE `craft_templatecachecriteria`
	ADD CONSTRAINT `craft_templatecachecriteria_cacheId_fk` FOREIGN KEY (`cacheId`) REFERENCES `craft_templatecaches` (`id`) ON DELETE CASCADE;

--
-- Constraints for table `craft_templatecacheelements`
--
ALTER TABLE `craft_templatecacheelements`
	ADD CONSTRAINT `craft_templatecacheelements_cacheId_fk` FOREIGN KEY (`cacheId`) REFERENCES `craft_templatecaches` (`id`) ON DELETE CASCADE,
	ADD CONSTRAINT `craft_templatecacheelements_elementId_fk` FOREIGN KEY (`elementId`) REFERENCES `craft_elements` (`id`) ON DELETE CASCADE;

--
-- Constraints for table `craft_templatecaches`
--
ALTER TABLE `craft_templatecaches`
	ADD CONSTRAINT `craft_templatecaches_locale_fk` FOREIGN KEY (`locale`) REFERENCES `craft_locales` (`locale`) ON DELETE CASCADE ON UPDATE CASCADE;

--
-- Constraints for table `craft_usergroups_users`
--
ALTER TABLE `craft_usergroups_users`
	ADD CONSTRAINT `craft_usergroups_users_groupId_fk` FOREIGN KEY (`groupId`) REFERENCES `craft_usergroups` (`id`) ON DELETE CASCADE,
	ADD CONSTRAINT `craft_usergroups_users_userId_fk` FOREIGN KEY (`userId`) REFERENCES `craft_users` (`id`) ON DELETE CASCADE;

--
-- Constraints for table `craft_userpermissions_usergroups`
--
ALTER TABLE `craft_userpermissions_usergroups`
	ADD CONSTRAINT `craft_userpermissions_usergroups_groupId_fk` FOREIGN KEY (`groupId`) REFERENCES `craft_usergroups` (`id`) ON DELETE CASCADE,
	ADD CONSTRAINT `craft_userpermissions_usergroups_permissionId_fk` FOREIGN KEY (`permissionId`) REFERENCES `craft_userpermissions` (`id`) ON DELETE CASCADE;

--
-- Constraints for table `craft_userpermissions_users`
--
ALTER TABLE `craft_userpermissions_users`
	ADD CONSTRAINT `craft_userpermissions_users_permissionId_fk` FOREIGN KEY (`permissionId`) REFERENCES `craft_userpermissions` (`id`) ON DELETE CASCADE,
	ADD CONSTRAINT `craft_userpermissions_users_userId_fk` FOREIGN KEY (`userId`) REFERENCES `craft_users` (`id`) ON DELETE CASCADE;

--
-- Constraints for table `craft_users`
--
ALTER TABLE `craft_users`
	ADD CONSTRAINT `craft_users_id_fk` FOREIGN KEY (`id`) REFERENCES `craft_elements` (`id`) ON DELETE CASCADE,
	ADD CONSTRAINT `craft_users_preferredLocale_fk` FOREIGN KEY (`preferredLocale`) REFERENCES `craft_locales` (`locale`) ON DELETE SET NULL ON UPDATE CASCADE;

--
-- Constraints for table `craft_widgets`
--
ALTER TABLE `craft_widgets`
	ADD CONSTRAINT `craft_widgets_userId_fk` FOREIGN KEY (`userId`) REFERENCES `craft_users` (`id`) ON DELETE CASCADE;

SET FOREIGN_KEY_CHECKS = 1;
